95,77,5.673684210526316,2018.47,18000.0,1.2338,0.0316
10,10,6.1,1584.0,4000.0,1.0,0.0
100,82,5.45,2337.37,19500.0,1.2195,0.02
1,1,2.0,3666.67,3666.67,1.0,0.0
39,35,5.948717948717949,1749.56,10750.0,1.1143,0.0256
26,21,5.1923076923076925,3342.75,11000.0,1.2381,0.1154
8,8,4.75,2243.06,6000.0,1.0,0.0
122,117,6.131147540983607,1839.08,8500.0,1.0427,0.0
3,2,4.666666666666667,2533.33,4600.0,1.5,0.0
12,10,4.833333333333333,1065.97,4000.0,1.2,0.0
39,33,7.487179487179487,1470.22,4333.33,1.1818,0.0
84,80,4.4523809523809526,2228.21,10600.0,1.05,0.0119
77,70,5.909090909090909,2275.81,17000.0,1.1,0.026
43,43,5.395348837209302,2232.37,11000.0,1.0,0.0233
45,41,7.4222222222222225,1597.32,4000.0,1.0976,0.0
3,3,7.666666666666667,1523.81,2571.43,1.0,0.0
65,56,5.2,2152.46,13000.0,1.1607,0.0154
1,1,3.0,1250.0,1250.0,1.0,0.0
64,61,5.546875,1809.84,10500.0,1.0492,0.0156
21,19,4.428571428571429,1651.33,5333.33,1.1053,0.0
13,12,5.769230769230769,2567.93,7500.0,1.0833,0.0
15,12,4.6,2097.2,6000.0,1.25,0.0
36,31,5.944444444444445,1743.19,4000.0,1.1613,0.0
42,37,4.476190476190476,2081.64,17500.0,1.1351,0.0238
16,16,4.9375,1789.29,5000.0,1.0,0.0
16,13,5.75,2384.08,6000.0,1.2308,0.0
4,3,9.25,1662.26,3562.5,1.3333,0.0
75,61,6.32,1483.15,6500.0,1.2295,0.0
13,13,4.153846153846154,4190.51,18500.0,1.0,0.1538
15,15,4.533333333333333,1971.77,5500.0,1.0,0.0
12,10,5.0,1485.95,4333.33,1.2,0.0
8,7,6.875,2372.88,4153.85,1.1429,0.0
21,19,4.238095238095238,2081.53,9000.0,1.1053,0.0
7,7,6.571428571428571,1527.6,5000.0,1.0,0.0
47,45,5.042553191489362,1793.11,8500.0,1.0444,0.0
3,3,5.333333333333333,1511.11,3333.33,1.0,0.0
9,9,4.444444444444445,2206.23,7000.0,1.0,0.0
82,76,5.573170731707317,1783.75,10000.0,1.0789,0.0
22,21,3.8636363636363638,2563.57,15000.0,1.0476,0.0455
165,143,5.806060606060606,2008.3,39000.0,1.1538,0.0121
16,16,5.6875,2156.49,5833.33,1.0,0.0
164,140,6.524390243902439,1865.28,12500.0,1.1714,0.0061
225,197,6.64,1914.91,16333.33,1.1421,0.0089
105,93,5.561904761904762,2054.73,24000.0,1.129,0.019
28,28,4.75,1905.47,8500.0,1.0,0.0
16,16,4.4375,1932.13,8800.0,1.0,0.0
104,91,5.548076923076923,1829.2,9000.0,1.1429,0.0
46,44,5.326086956521739,2109.15,8000.0,1.0455,0.0
28,28,4.964285714285714,2373.1,11200.0,1.0,0.0714
169,139,5.201183431952662,1939.52,12000.0,1.2158,0.0059
41,38,5.512195121951219,1624.61,6142.86,1.0789,0.0
18,18,6.055555555555555,2259.98,5500.0,1.0,0.0
43,40,6.930232558139535,1722.07,8000.0,1.075,0.0
92,87,6.065217391304348,1730.89,6500.0,1.0575,0.0
12,12,11.583333333333334,1140.76,3666.67,1.0,0.0
25,25,7.2,2853.67,16000.0,1.0,0.08
6,6,14.0,1082.14,3000.0,1.0,0.0
8,8,3.375,1350.69,2666.67,1.0,0.0
42,33,5.071428571428571,2186.92,10666.67,1.2727,0.0238
24,24,4.75,2338.14,6181.82,1.0,0.0
11,11,5.636363636363637,2267.68,5200.0,1.0,0.0
62,47,5.338709677419355,1881.91,11400.0,1.3191,0.0161
10,9,4.8,2506.61,6333.33,1.1111,0.0
167,158,5.706586826347305,2108.49,13500.0,1.057,0.024
3,3,5.333333333333333,2372.22,4500.0,1.0,0.0
1,1,1.0,6500.0,6500.0,1.0,0.0
55,48,5.6909090909090905,1827.68,8000.0,1.1458,0.0
5,5,2.2,2883.33,5000.0,1.0,0.0
14,14,5.928571428571429,2149.84,9500.0,1.0,0.0
23,22,4.478260869565218,1882.22,7500.0,1.0455,0.0
16,15,6.0625,2627.23,13000.0,1.0667,0.0625
33,31,5.212121212121212,1985.81,5375.0,1.0645,0.0
7,7,5.857142857142857,1470.33,2500.0,1.0,0.0
50,46,5.08,2437.92,12500.0,1.087,0.02
1,1,7.0,2875.0,2875.0,1.0,0.0
65,60,5.630769230769231,2174.46,10000.0,1.0833,0.0
116,108,5.612068965517241,1985.12,14333.33,1.0741,0.0086
34,33,7.970588235294118,2197.63,10000.0,1.0303,0.0
26,26,6.576923076923077,1985.11,7000.0,1.0,0.0
7,7,3.857142857142857,1568.85,4000.0,1.0,0.0
57,56,5.456140350877193,1880.28,8500.0,1.0179,0.0
40,32,4.8,1775.21,6285.71,1.25,0.0
2,2,3.5,1714.29,2000.0,1.0,0.0
7,6,3.857142857142857,3045.24,11333.33,1.1667,0.1429
40,34,6.6,2251.4,9200.0,1.1765,0.0
146,117,5.363013698630137,2529.73,43000.0,1.2479,0.0411
115,103,4.443478260869565,2023.84,19000.0,1.1165,0.0087
1,1,6.0,571.43,571.43,1.0,0.0
107,87,5.710280373831775,1724.51,6750.0,1.2299,0.0
87,78,5.137931034482759,2112.13,14000.0,1.1154,0.023
24,24,4.958333333333333,2504.44,7666.67,1.0,0.0
8,8,6.875,1575.69,3500.0,1.0,0.0
52,46,6.230769230769231,1764.07,10000.0,1.1304,0.0
9,6,4.333333333333333,1331.48,2750.0,1.5,0.0
73,64,5.027397260273973,2064.81,10000.0,1.1406,0.0
34,31,4.794117647058823,1839.66,10500.0,1.0968,0.0294
6,6,3.1666666666666665,2044.44,4666.67,1.0,0.0
10,7,3.8,1483.33,3750.0,1.4286,0.0
14,13,5.214285714285714,2794.22,19000.0,1.0769,0.0714
3,3,6.333333333333333,2333.33,4500.0,1.0,0.0
60,60,5.766666666666667,1720.39,8666.67,1.0,0.0
18,16,6.0,2782.59,13000.0,1.125,0.0556
21,19,7.380952380952381,1415.82,4857.14,1.1053,0.0
21,19,4.761904761904762,2271.26,8000.0,1.1053,0.0
20,19,5.6,1535.45,3200.0,1.0526,0.0
18,17,4.611111111111111,1355.53,2666.67,1.0588,0.0
21,21,4.571428571428571,2130.3,4500.0,1.0,0.0
3,3,6.0,2242.86,3428.57,1.0,0.0
16,15,6.125,1349.43,3000.0,1.0667,0.0
5,5,4.2,1575.0,3000.0,1.0,0.0
7,7,4.571428571428571,1890.76,5000.0,1.0,0.0
13,13,5.615384615384615,2114.53,5250.0,1.0,0.0
71,63,6.676056338028169,2441.69,24000.0,1.127,0.0282
3,3,3.6666666666666665,1409.52,3000.0,1.0,0.0
11,10,5.545454545454546,2253.97,4500.0,1.1,0.0
5,4,2.6,3290.0,9000.0,1.25,0.0
2,2,3.5,1666.67,2000.0,1.0,0.0
5,5,5.8,1485.71,2000.0,1.0,0.0
9,9,6.555555555555555,1605.96,2666.67,1.0,0.0
6,6,5.833333333333333,1748.51,3000.0,1.0,0.0
39,36,5.461538461538462,2189.11,9000.0,1.0833,0.0
10,10,4.5,1524.55,2933.33,1.0,0.0
32,27,5.3125,1968.48,7500.0,1.1852,0.0
24,20,7.041666666666667,1687.26,4000.0,1.2,0.0
54,43,5.555555555555555,1959.26,11400.0,1.2558,0.0185
4,3,12.5,1381.94,3750.0,1.3333,0.0
10,10,5.3,2635.0,5500.0,1.0,0.0
7,6,4.571428571428571,1797.62,3666.67,1.1667,0.0
3,3,12.0,1105.74,1307.69,1.0,0.0
5,5,5.8,1173.48,2500.0,1.0,0.0
92,83,5.260869565217392,2012.11,14000.0,1.1084,0.0109
248,214,5.810483870967742,2113.31,19500.0,1.1589,0.0121
13,11,6.230769230769231,2047.5,6500.0,1.1818,0.0
55,43,4.763636363636364,1639.45,7000.0,1.2791,0.0
23,21,5.3478260869565215,2188.23,12000.0,1.0952,0.0435
15,15,5.6,1403.3,4666.67,1.0,0.0
52,45,6.384615384615385,2076.2,9666.67,1.1556,0.0
63,51,4.571428571428571,1773.1,10000.0,1.2353,0.0
121,102,6.223140495867769,2030.2,14666.67,1.1863,0.0083
59,57,7.169491525423729,1383.45,5333.33,1.0351,0.0
3,2,3.0,3166.67,6500.0,1.5,0.0
8,8,6.625,1921.68,3333.33,1.0,0.0
11,10,4.2727272727272725,2463.24,9000.0,1.1,0.0
30,27,7.866666666666666,2121.38,17333.33,1.1111,0.0333
74,65,5.364864864864865,1670.71,6000.0,1.1385,0.0
35,30,5.9714285714285715,1926.09,13500.0,1.1667,0.0286
3,3,8.666666666666666,888.89,1333.33,1.0,0.0
6,6,7.333333333333333,1668.06,3000.0,1.0,0.0
8,7,3.5,2241.29,3363.64,1.1429,0.0
29,24,6.275862068965517,2158.31,11000.0,1.2083,0.0345
3,3,4.666666666666667,2833.33,4000.0,1.0,0.0
21,21,6.714285714285714,1448.69,5000.0,1.0,0.0
15,11,5.6,1850.56,7000.0,1.3636,0.0
31,23,3.870967741935484,2189.52,9000.0,1.3478,0.0
39,32,5.564102564102564,1577.54,5500.0,1.2188,0.0
78,48,5.384615384615385,1635.01,6666.67,1.625,0.0
11,11,2.909090909090909,1906.82,4750.0,1.0,0.0
15,15,4.2,1417.74,3000.0,1.0,0.0
4,4,3.25,1208.33,2333.33,1.0,0.0
23,20,4.956521739130435,1707.83,7500.0,1.15,0.0
46,37,6.6521739130434785,1543.47,8500.0,1.2432,0.0
60,53,6.466666666666667,1985.39,8666.67,1.1321,0.0
11,11,5.7272727272727275,3109.31,11000.0,1.0,0.0909
24,22,8.5,2141.94,13000.0,1.0909,0.0833
68,55,6.367647058823529,1681.62,6500.0,1.2364,0.0
4,4,2.25,6283.33,22000.0,1.0,0.25
22,20,5.7727272727272725,3094.94,16000.0,1.1,0.0455
11,11,7.7272727272727275,1638.17,3400.0,1.0,0.0
15,15,3.533333333333333,1658.1,5000.0,1.0,0.0
58,50,5.120689655172414,1810.52,6500.0,1.16,0.0
63,53,5.682539682539683,2011.36,9333.33,1.1887,0.0
29,25,4.379310344827586,2064.03,13000.0,1.16,0.0345
77,68,5.077922077922078,2023.62,12000.0,1.1324,0.013
46,42,6.3478260869565215,1791.77,9000.0,1.0952,0.0
50,44,7.16,1841.98,9500.0,1.1364,0.0
143,130,5.5874125874125875,1922.27,23000.0,1.1,0.014
9,9,4.0,955.56,2500.0,1.0,0.0
3,3,4.0,1200.0,1800.0,1.0,0.0
11,10,7.363636363636363,1294.29,2500.0,1.1,0.0
104,89,5.836538461538462,1832.49,11500.0,1.1685,0.0096
3,3,7.0,1462.96,3000.0,1.0,0.0
7,7,3.142857142857143,2354.76,6500.0,1.0,0.0
19,19,5.578947368421052,2085.9,11333.33,1.0,0.0526
8,8,3.75,2069.94,4666.67,1.0,0.0
3,3,7.666666666666667,974.36,2000.0,1.0,0.0
18,17,4.611111111111111,1977.91,7250.0,1.0588,0.0
5,5,3.6,1935.71,4000.0,1.0,0.0
24,23,4.875,1968.18,9500.0,1.0435,0.0
3,3,7.666666666666667,750.0,1583.33,1.0,0.0
5,5,4.4,2863.85,8000.0,1.0,0.0
26,26,5.884615384615385,1571.75,4600.0,1.0,0.0
11,11,2.8181818181818183,1831.06,3500.0,1.0,0.0
6,5,4.666666666666667,2114.36,5250.0,1.2,0.0
11,11,5.363636363636363,1952.06,6750.0,1.0,0.0
42,39,5.357142857142857,1507.38,6000.0,1.0769,0.0
6,5,4.5,2212.3,3857.14,1.2,0.0
3,3,1.6666666666666667,2111.11,3333.33,1.0,0.0
30,26,4.033333333333333,1938.9,5500.0,1.1538,0.0
36,34,5.305555555555555,1997.66,12500.0,1.0588,0.0278
62,53,5.161290322580645,2137.42,28500.0,1.1698,0.0161
28,26,5.535714285714286,2102.08,11333.33,1.0769,0.0357
6,6,6.0,1742.32,6000.0,1.0,0.0
9,9,3.0,2229.37,3666.67,1.0,0.0
9,7,7.555555555555555,1792.08,8000.0,1.2857,0.0
40,36,5.125,2042.87,7600.0,1.1111,0.0
15,15,4.2,1583.12,4333.33,1.0,0.0
4,4,4.75,3787.5,9000.0,1.0,0.0
10,8,6.9,4565.71,18000.0,1.25,0.2
84,80,6.071428571428571,2138.05,16500.0,1.05,0.0119
14,14,6.142857142857143,1878.01,11400.0,1.0,0.0714
18,17,6.722222222222222,1410.31,5666.67,1.0588,0.0
9,9,4.333333333333333,1927.16,6000.0,1.0,0.0
90,77,6.211111111111111,1865.23,9000.0,1.1688,0.0
93,78,5.806451612903226,1627.28,7400.0,1.1923,0.0
13,13,7.6923076923076925,2634.79,9000.0,1.0,0.0
13,13,5.769230769230769,1025.2,2500.0,1.0,0.0
48,40,4.895833333333333,2159.11,9000.0,1.2,0.0
17,17,4.352941176470588,2170.94,6000.0,1.0,0.0
32,31,5.5625,1910.88,5666.67,1.0323,0.0
3,3,3.3333333333333335,2158.73,3666.67,1.0,0.0
13,13,3.3076923076923075,2057.69,5000.0,1.0,0.0
4,4,3.5,1666.67,4000.0,1.0,0.0
21,21,5.904761904761905,2096.73,6333.33,1.0,0.0
5,5,7.6,2076.31,3562.5,1.0,0.0
15,14,4.6,1742.06,6333.33,1.0714,0.0
3,3,10.333333333333334,2023.81,3857.14,1.0,0.0
20,18,5.15,3137.05,15333.33,1.1111,0.1
34,29,7.794117647058823,1979.27,7500.0,1.1724,0.0
33,33,5.696969696969697,1487.93,5400.0,1.0,0.0
5,5,12.2,2491.67,8500.0,1.0,0.0
2,2,11.0,1583.33,2250.0,1.0,0.0
8,8,6.75,3579.91,18400.0,1.0,0.125
5,5,4.2,3400.0,7000.0,1.0,0.0
56,56,5.125,1955.2,10666.67,1.0,0.0179
20,17,6.7,1337.15,3142.86,1.1765,0.0
18,15,4.944444444444445,1708.4,3000.0,1.2,0.0
71,61,5.014084507042254,2274.78,11400.0,1.1639,0.0141
7,6,2.142857142857143,2773.81,5000.0,1.1667,0.0
39,33,4.871794871794871,2405.29,17000.0,1.1818,0.0256
67,59,5.835820895522388,1486.49,10500.0,1.1356,0.0149
10,10,4.3,1601.19,4333.33,1.0,0.0
66,57,5.287878787878788,2354.61,9500.0,1.1579,0.0
19,19,6.631578947368421,1126.64,2500.0,1.0,0.0
20,17,5.75,1748.18,4000.0,1.1765,0.0
37,35,6.621621621621622,2293.4,11000.0,1.0571,0.027
23,20,5.434782608695652,1706.89,3666.67,1.15,0.0
65,50,5.846153846153846,2515.46,20000.0,1.3,0.0462
6,6,4.5,1917.59,3000.0,1.0,0.0
15,14,9.266666666666667,1805.98,6000.0,1.0714,0.0
6,6,4.0,2525.0,7000.0,1.0,0.0
11,9,5.909090909090909,2429.82,9500.0,1.2222,0.0
6,6,2.8333333333333335,4002.78,18000.0,1.0,0.1667
3,3,10.0,1074.43,1363.64,1.0,0.0
5,5,6.6,1234.25,2750.0,1.0,0.0
14,13,5.214285714285714,2557.14,7000.0,1.0769,0.0
7,7,8.714285714285714,1257.05,2000.0,1.0,0.0
19,15,6.578947368421052,1964.38,8500.0,1.2667,0.0
4,4,2.75,1550.0,3000.0,1.0,0.0
6,6,5.166666666666667,2236.11,5700.0,1.0,0.0
15,13,7.466666666666667,1902.47,5500.0,1.1538,0.0
5,4,10.0,1243.4,2000.0,1.25,0.0
9,9,3.7777777777777777,1462.0,3000.0,1.0,0.0
4,4,3.25,2595.24,6714.29,1.0,0.0
15,12,5.466666666666667,1523.99,4000.0,1.25,0.0
24,23,5.625,1840.79,5571.43,1.0435,0.0
10,10,6.6,1457.68,3428.57,1.0,0.0
5,5,3.4,1913.33,3666.67,1.0,0.0
3,3,2.6666666666666665,2305.56,5000.0,1.0,0.0
9,8,10.555555555555555,1163.43,2500.0,1.125,0.0
5,5,3.4,3966.67,7333.33,1.0,0.0
2,2,5.5,2087.5,2375.0,1.0,0.0
6,6,3.8333333333333335,2618.52,4500.0,1.0,0.0
22,22,4.181818181818182,1589.86,8000.0,1.0,0.0
2,2,2.5,1458.33,1666.67,1.0,0.0
10,10,7.3,2203.71,5181.82,1.0,0.0
7,7,3.7142857142857144,885.71,1800.0,1.0,0.0
9,8,7.333333333333333,1927.78,4500.0,1.125,0.0
1,1,5.0,666.67,666.67,1.0,0.0
3,3,2.6666666666666665,1833.33,2750.0,1.0,0.0
18,16,4.388888888888889,3202.97,13500.0,1.125,0.0556
6,6,3.8333333333333335,1460.19,3500.0,1.0,0.0
9,9,5.333333333333333,2351.19,6000.0,1.0,0.0
15,14,7.2,2249.4,12000.0,1.0714,0.0667
2,2,0.5,2000.0,4000.0,1.0,0.0
2,2,2.5,3041.67,4333.33,1.0,0.0
13,12,7.230769230769231,1472.07,2666.67,1.0833,0.0
7,6,4.428571428571429,1675.85,5500.0,1.1667,0.0
15,15,5.2,1621.38,4000.0,1.0,0.0
8,7,4.5,2532.29,5000.0,1.1429,0.0
7,7,4.714285714285714,2410.71,8250.0,1.0,0.0
4,4,8.75,764.71,1375.0,1.0,0.0
16,15,6.0625,2390.38,6333.33,1.0667,0.0
8,8,7.625,902.08,1833.33,1.0,0.0
15,15,4.133333333333334,2074.6,4250.0,1.0,0.0
11,11,5.909090909090909,2103.35,4333.33,1.0,0.0
12,12,4.833333333333333,1311.41,3000.0,1.0,0.0
11,11,5.2727272727272725,1682.79,4500.0,1.0,0.0
1,1,2.0,1000.0,1000.0,1.0,0.0
8,8,5.25,2249.65,8500.0,1.0,0.0
2,2,3.0,1900.0,2000.0,1.0,0.0
5,4,4.6,1396.15,2750.0,1.25,0.0
2,2,1.5,3083.33,4500.0,1.0,0.0
5,5,4.2,3539.7,5181.82,1.0,0.0
6,6,4.666666666666667,1506.75,2500.0,1.0,0.0
21,18,7.095238095238095,1259.27,3500.0,1.1667,0.0
16,16,4.375,2984.44,12500.0,1.0,0.0625
19,19,4.052631578947368,1496.74,5000.0,1.0,0.0
4,4,3.5,3021.43,8500.0,1.0,0.0
1,1,5.0,1166.67,1166.67,1.0,0.0
13,13,7.461538461538462,1719.9,6833.33,1.0,0.0
4,4,13.25,2010.42,4000.0,1.0,0.0
10,10,7.9,1927.26,3333.33,1.0,0.0
5,4,5.8,1937.84,3000.0,1.25,0.0
6,6,6.5,2023.92,6428.57,1.0,0.0
3,3,5.666666666666667,4082.54,9714.29,1.0,0.0
21,20,4.476190476190476,1585.62,4000.0,1.05,0.0
9,9,4.444444444444445,1258.47,3000.0,1.0,0.0
5,5,4.6,2564.96,5500.0,1.0,0.0
6,6,3.1666666666666665,2055.56,3600.0,1.0,0.0
4,4,4.25,2306.25,3250.0,1.0,0.0
8,8,5.125,952.38,1714.29,1.0,0.0
4,4,8.75,1479.17,2666.67,1.0,0.0
5,5,5.0,1931.52,3500.0,1.0,0.0
2,2,4.5,1071.43,1142.86,1.0,0.0
8,8,3.75,3470.33,9200.0,1.0,0.0
8,8,5.875,1430.8,4000.0,1.0,0.0
8,8,6.125,1487.85,3200.0,1.0,0.0
4,4,4.75,1150.0,2000.0,1.0,0.0
9,9,4.0,2758.2,7000.0,1.0,0.0
6,5,6.333333333333333,1683.82,4000.0,1.2,0.0
2,2,4.0,1666.67,2333.33,1.0,0.0
1,1,17.0,3166.67,3166.67,1.0,0.0
6,6,4.5,1651.12,2500.0,1.0,0.0
15,14,6.2,1984.92,5000.0,1.0714,0.0
6,6,8.333333333333334,1463.39,2571.43,1.0,0.0
8,8,5.0,1293.24,3111.11,1.0,0.0
9,9,4.0,1750.0,6333.33,1.0,0.0
2,2,3.5,250.0,500.0,1.0,0.0
10,10,4.1,2542.02,5500.0,1.0,0.0
3,3,7.666666666666667,800.0,1200.0,1.0,0.0
2,2,3.0,4333.33,7500.0,1.0,0.0
13,12,7.3076923076923075,2563.47,6500.0,1.0833,0.0
4,3,11.25,1280.56,3333.33,1.3333,0.0
2,2,4.5,3437.5,6875.0,1.0,0.0
7,7,7.142857142857143,2267.06,7500.0,1.0,0.0
3,3,5.0,1590.91,2500.0,1.0,0.0
8,8,3.625,1675.0,4000.0,1.0,0.0
10,10,6.1,2292.55,4750.0,1.0,0.0
15,13,4.933333333333334,2290.47,10000.0,1.1538,0.0
13,11,4.384615384615385,4305.04,17666.67,1.1818,0.2308
4,4,5.75,1451.79,3500.0,1.0,0.0
16,16,4.75,1897.21,4500.0,1.0,0.0
1,1,3.0,2750.0,2750.0,1.0,0.0
13,13,4.538461538461538,1917.34,3000.0,1.0,0.0
4,4,2.5,1270.83,2666.67,1.0,0.0
7,7,5.428571428571429,2339.8,9000.0,1.0,0.0
3,3,9.333333333333334,1196.97,2590.91,1.0,0.0
7,7,4.714285714285714,2165.87,6000.0,1.0,0.0
10,10,6.7,2156.17,6600.0,1.0,0.0
6,6,5.166666666666667,2302.78,3500.0,1.0,0.0
4,4,4.75,2385.42,5666.67,1.0,0.0
2,2,5.5,1321.43,1500.0,1.0,0.0
12,11,6.583333333333333,4786.26,12000.0,1.0909,0.1667
11,11,4.363636363636363,1524.32,3750.0,1.0,0.0
10,10,8.1,1581.13,5500.0,1.0,0.0
3,3,12.0,2956.71,8142.86,1.0,0.0
12,12,5.0,1487.33,5500.0,1.0,0.0
27,27,4.0,1691.15,5500.0,1.0,0.0
4,4,3.75,2302.08,3000.0,1.0,0.0
1,1,3.0,1250.0,1250.0,1.0,0.0
3,3,2.6666666666666665,1466.67,2333.33,1.0,0.0
15,15,5.866666666666666,1969.5,5500.0,1.0,0.0
1,1,20.0,1380.95,1380.95,1.0,0.0
26,25,4.923076923076923,2346.14,10250.0,1.04,0.0385
3,3,13.333333333333334,909.72,1666.67,1.0,0.0
4,4,8.5,1061.69,1666.67,1.0,0.0
21,21,6.428571428571429,1708.88,8000.0,1.0,0.0
15,15,4.4,1562.39,3500.0,1.0,0.0
7,6,4.571428571428571,1885.71,4000.0,1.1667,0.0
3,3,7.333333333333333,1090.91,1272.73,1.0,0.0
6,6,5.0,1951.39,3500.0,1.0,0.0
5,5,7.6,758.33,1666.67,1.0,0.0
5,5,8.2,735.35,2250.0,1.0,0.0
3,3,14.0,970.9,1857.14,1.0,0.0
7,5,7.428571428571429,1284.59,2478.26,1.4,0.0
10,10,5.6,5020.24,28666.67,1.0,0.1
3,3,4.333333333333333,1083.33,1250.0,1.0,0.0
4,4,5.25,772.73,1333.33,1.0,0.0
10,10,3.9,1551.07,3500.0,1.0,0.0
2,2,6.0,777.78,1000.0,1.0,0.0
3,3,2.6666666666666665,1750.0,2250.0,1.0,0.0
4,4,5.5,1697.22,4500.0,1.0,0.0
8,8,6.0,982.29,3000.0,1.0,0.0
3,3,2.0,2500.0,4000.0,1.0,0.0
3,3,2.6666666666666665,1809.52,2428.57,1.0,0.0
3,3,7.0,4089.29,4625.0,1.0,0.0
1,1,5.0,833.33,833.33,1.0,0.0
1,1,13.0,428.57,428.57,1.0,0.0
4,4,4.0,5405.56,15000.0,1.0,0.25
3,3,4.0,722.22,750.0,1.0,0.0
5,5,4.2,2175.9,5000.0,1.0,0.0
10,8,2.8,2922.14,11400.0,1.25,0.1
5,5,4.0,2863.89,8000.0,1.0,0.0
3,3,7.333333333333333,1311.11,2500.0,1.0,0.0
5,5,7.2,1086.06,2400.0,1.0,0.0
10,10,6.5,2214.76,6333.33,1.0,0.0
6,6,6.0,2407.58,5750.0,1.0,0.0
2,2,9.5,1555.56,2666.67,1.0,0.0
12,10,6.583333333333333,2189.24,13000.0,1.2,0.0833
8,6,8.75,1149.13,2500.0,1.3333,0.0
2,2,6.5,1450.0,2300.0,1.0,0.0
5,5,3.0,2250.0,6500.0,1.0,0.0
1,1,3.0,3250.0,3250.0,1.0,0.0
9,9,7.0,2043.12,4600.0,1.0,0.0
3,3,11.0,886.02,1750.0,1.0,0.0
3,3,4.0,1222.22,2000.0,1.0,0.0
2,2,3.5,1075.0,1400.0,1.0,0.0
1,1,3.0,2750.0,2750.0,1.0,0.0
4,4,3.0,2175.0,3000.0,1.0,0.0
9,8,5.555555555555555,1979.91,5000.0,1.125,0.0
3,3,1.6666666666666667,13333.33,37000.0,1.0,0.3333
1,1,9.0,1400.0,1400.0,1.0,0.0
1,1,3.0,8750.0,8750.0,1.0,0.0
8,8,6.875,2629.58,6500.0,1.0,0.0
8,7,6.0,2122.82,5000.0,1.1429,0.0
3,2,4.333333333333333,2083.33,3750.0,1.5,0.0
6,6,3.5,1594.44,3666.67,1.0,0.0
6,6,5.0,2679.29,6333.33,1.0,0.0
2,2,5.5,2450.0,4400.0,1.0,0.0
2,2,3.0,4333.33,5166.67,1.0,0.0
2,2,3.5,3600.0,4200.0,1.0,0.0
8,8,4.125,1120.24,2333.33,1.0,0.0
3,2,3.0,6611.11,13500.0,1.5,0.3333
2,2,2.0,2250.0,3000.0,1.0,0.0
6,5,6.833333333333333,2156.35,3500.0,1.2,0.0
4,4,3.5,2851.19,6571.43,1.0,0.0
5,5,10.0,1317.78,2800.0,1.0,0.0
6,6,9.166666666666666,1178.49,2600.0,1.0,0.0
3,3,5.333333333333333,1384.26,3000.0,1.0,0.0
3,3,4.333333333333333,2194.44,5750.0,1.0,0.0
2,2,4.5,666.67,1333.33,1.0,0.0
2,2,4.0,2500.0,3000.0,1.0,0.0
5,5,3.8,3003.33,6750.0,1.0,0.0
2,2,3.5,1175.0,1600.0,1.0,0.0
6,6,8.166666666666666,3550.93,9000.0,1.0,0.0
4,4,2.5,3625.0,7500.0,1.0,0.0
1,1,3.0,3250.0,3250.0,1.0,0.0
2,2,13.5,853.54,888.89,1.0,0.0
3,3,4.333333333333333,1166.67,1666.67,1.0,0.0
5,5,3.2,2470.0,3000.0,1.0,0.0
5,5,1.6,2566.67,5000.0,1.0,0.0
1,1,8.0,555.56,555.56,1.0,0.0
2,2,7.0,2033.33,2900.0,1.0,0.0
1,1,1.0,4500.0,4500.0,1.0,0.0
4,4,3.0,1375.0,2000.0,1.0,0.0
5,5,4.2,770.0,1000.0,1.0,0.0
5,5,3.2,840.0,1200.0,1.0,0.0
2,2,2.0,2875.0,3750.0,1.0,0.0
4,4,4.75,1138.26,2500.0,1.0,0.0
2,2,12.0,1316.67,1800.0,1.0,0.0
1,1,11.0,1250.0,1250.0,1.0,0.0
2,2,3.0,1583.33,3000.0,1.0,0.0
4,4,3.25,2250.0,4000.0,1.0,0.0
1,1,1.0,1000.0,1000.0,1.0,0.0
2,2,3.5,5000.0,7000.0,1.0,0.0
1,1,2.0,4000.0,4000.0,1.0,0.0
3,3,4.0,3011.11,4333.33,1.0,0.0
1,1,3.0,1500.0,1500.0,1.0,0.0
6,6,8.333333333333334,928.95,2333.33,1.0,0.0
5,5,5.0,2954.76,9000.0,1.0,0.0
2,2,4.0,1750.0,2000.0,1.0,0.0
1,1,5.0,1000.0,1000.0,1.0,0.0
5,5,7.0,2947.56,4666.67,1.0,0.0
4,2,7.0,3213.64,6000.0,2.0,0.0
2,2,3.0,833.33,1000.0,1.0,0.0
3,2,3.0,1316.67,2500.0,1.5,0.0
2,1,5.5,636.36,1000.0,2.0,0.0
6,4,10.0,2309.19,5000.0,1.5,0.0
1,1,6.0,1000.0,1000.0,1.0,0.0
4,3,4.5,4395.83,13000.0,1.3333,0.25
4,3,11.0,1379.59,1578.95,1.3333,0.0
1,1,3.0,2750.0,2750.0,1.0,0.0
1,1,5.0,1333.33,1333.33,1.0,0.0
2,2,1.0,13250.0,18000.0,1.0,0.5
1,1,4.0,1800.0,1800.0,1.0,0.0
3,3,8.0,871.03,1625.0,1.0,0.0
2,2,9.0,1066.67,1800.0,1.0,0.0
1,1,2.0,2000.0,2000.0,1.0,0.0
1,1,0.0,3000.0,3000.0,1.0,0.0
3,2,5.0,1211.64,2000.0,1.5,0.0
1,1,8.0,6333.33,6333.33,1.0,0.0
2,2,3.5,3750.0,7500.0,1.0,0.0
1,1,7.0,1625.0,1625.0,1.0,0.0
1,1,5.0,500.0,500.0,1.0,0.0
1,1,1.0,3000.0,3000.0,1.0,0.0
1,1,9.0,2600.0,2600.0,1.0,0.0
1,1,1.0,4500.0,4500.0,1.0,0.0
1,1,1.0,1500.0,1500.0,1.0,0.0
1,1,2.0,2000.0,2000.0,1.0,0.0
1,1,3.0,1250.0,1250.0,1.0,0.0
1,1,4.0,800.0,800.0,1.0,0.0
1,1,2.0,2333.33,2333.33,1.0,0.0
2,2,5.5,1486.11,1750.0,1.0,0.0
1,1,4.0,2000.0,2000.0,1.0,0.0
106,88,5.547169811320755,1836.39,12250.0,1.2045,0.0094
21,21,6.285714285714286,1604.0,4400.0,1.0,0.0
10,10,5.8,1489.74,2000.0,1.0,0.0
2,2,6.0,1500.0,3000.0,1.0,0.0
1,1,0.0,19000.0,19000.0,1.0,1.0
10,10,4.9,2016.94,5000.0,1.0,0.0
25,24,5.44,2241.89,9500.0,1.0417,0.0
128,119,4.8828125,2167.13,18000.0,1.0756,0.0156
17,17,4.176470588235294,2203.97,17000.0,1.0,0.0588
105,86,5.847619047619047,1889.01,13500.0,1.2209,0.019
50,40,5.14,2475.48,12000.0,1.25,0.04
2,2,10.0,685.71,800.0,1.0,0.0
28,25,4.035714285714286,2205.42,9500.0,1.12,0.0
2,2,3.5,1150.0,1500.0,1.0,0.0
19,19,4.473684210526316,2363.41,8000.0,1.0,0.0
6,6,2.8333333333333335,2708.33,5000.0,1.0,0.0
112,96,5.4375,1761.25,7000.0,1.1667,0.0
27,19,7.074074074074074,1761.46,5500.0,1.4211,0.0
8,8,4.375,2720.83,5875.0,1.0,0.0
69,68,5.840579710144928,2240.07,20000.0,1.0147,0.0435
214,189,6.411214953271028,1955.22,19000.0,1.1323,0.014
97,92,4.948453608247423,1961.03,28500.0,1.0543,0.0103
2,2,5.0,785.71,1571.43,1.0,0.0
58,56,4.793103448275862,1903.19,7000.0,1.0357,0.0
82,62,4.524390243902439,1890.96,17500.0,1.3226,0.0122
27,27,7.481481481481482,1556.78,6000.0,1.0,0.0
61,61,6.147540983606557,1893.41,11333.33,1.0,0.0164
162,157,5.049382716049383,2242.94,14000.0,1.0318,0.0123
14,14,9.0,2143.53,7000.0,1.0,0.0
22,18,4.136363636363637,2792.2,31500.0,1.2222,0.0455
116,113,4.870689655172414,2149.11,15000.0,1.0265,0.0086
16,16,5.875,1892.85,4333.33,1.0,0.0
25,25,3.6,2182.54,5000.0,1.0,0.0
21,21,4.476190476190476,3065.86,14666.67,1.0,0.0476
162,140,6.092592592592593,1879.69,15500.0,1.1571,0.0185
17,16,4.647058823529412,1737.82,7666.67,1.0625,0.0
81,71,5.419753086419753,1900.0,13500.0,1.1408,0.0247
88,73,5.363636363636363,2155.97,25000.0,1.2055,0.0114
10,10,7.7,1165.06,3352.94,1.0,0.0
23,22,4.6521739130434785,1932.05,7000.0,1.0455,0.0
41,41,4.7560975609756095,2060.51,8800.0,1.0,0.0
10,10,6.0,3169.57,15000.0,1.0,0.1
16,16,5.8125,2267.02,6333.33,1.0,0.0
7,6,4.285714285714286,2615.08,9500.0,1.1667,0.0
9,9,5.777777777777778,1369.14,3666.67,1.0,0.0
20,20,3.75,1770.45,6200.0,1.0,0.0
21,20,2.761904761904762,1802.44,5000.0,1.05,0.0
47,42,5.382978723404255,2771.94,22000.0,1.119,0.0426
175,164,5.668571428571428,2217.22,11500.0,1.0671,0.0171
17,14,4.647058823529412,2494.79,11400.0,1.2143,0.0588
5,5,8.0,1224.34,2090.91,1.0,0.0
83,79,6.0,1828.58,11000.0,1.0506,0.012
20,18,8.8,1430.03,5181.82,1.1111,0.0
23,19,7.0,2058.2,5750.0,1.2105,0.0
41,34,5.658536585365853,1895.4,8000.0,1.2059,0.0
35,29,6.8,1727.33,12500.0,1.2069,0.0286
38,37,6.2368421052631575,1933.12,6666.67,1.027,0.0
11,11,4.0,3044.37,20250.0,1.0,0.0909
48,38,4.833333333333333,1478.29,5000.0,1.2632,0.0
17,16,6.0,1898.46,4000.0,1.0625,0.0
20,17,5.85,1292.93,4000.0,1.1765,0.0
23,21,4.739130434782608,1589.1,4500.0,1.0952,0.0
48,42,5.583333333333333,2125.71,7250.0,1.1429,0.0
47,45,6.0212765957446805,1318.31,5000.0,1.0444,0.0
41,41,4.658536585365853,1839.32,9250.0,1.0,0.0
69,62,5.797101449275362,2224.11,12250.0,1.1129,0.029
53,52,5.60377358490566,2754.9,16500.0,1.0192,0.0566
7,6,7.428571428571429,1300.87,4500.0,1.1667,0.0
9,8,6.222222222222222,1196.79,2692.31,1.125,0.0
5,5,8.8,1250.11,2400.0,1.0,0.0
40,35,5.825,1898.18,9000.0,1.1429,0.0
8,7,5.625,1806.25,3750.0,1.1429,0.0
23,23,4.304347826086956,2103.99,7333.33,1.0,0.0
8,8,4.75,2359.42,3777.78,1.0,0.0
12,11,5.416666666666667,2537.71,8000.0,1.0909,0.0
8,7,2.75,2479.17,5000.0,1.1429,0.0
3,3,3.6666666666666665,2777.78,4000.0,1.0,0.0
4,4,4.25,2291.67,6000.0,1.0,0.0
39,34,5.794871794871795,1939.9,7500.0,1.1471,0.0
14,14,6.285714285714286,1775.02,9000.0,1.0,0.0
25,23,5.4,1420.7,3750.0,1.087,0.0
70,56,5.742857142857143,2124.6,13333.33,1.25,0.0143
15,13,5.466666666666667,1510.16,4181.82,1.1538,0.0
8,8,6.125,1513.84,2285.71,1.0,0.0
46,43,5.021739130434782,2153.76,8000.0,1.0698,0.0
6,6,5.166666666666667,4299.49,18500.0,1.0,0.1667
8,8,5.125,1860.32,3111.11,1.0,0.0
29,22,6.344827586206897,2102.06,7000.0,1.3182,0.0
88,79,5.863636363636363,2266.2,26000.0,1.1139,0.0114
12,12,5.166666666666667,3213.67,23500.0,1.0,0.0833
15,14,5.066666666666666,2438.66,10500.0,1.0714,0.0667
62,52,6.435483870967742,2266.31,11750.0,1.1923,0.0323
9,7,4.888888888888889,1720.26,6333.33,1.2857,0.0
34,33,4.970588235294118,1880.4,7500.0,1.0303,0.0
63,54,5.809523809523809,1722.91,12000.0,1.1667,0.0159
56,54,6.464285714285714,2107.49,11000.0,1.037,0.0179
32,29,4.59375,2292.19,9166.67,1.1034,0.0
18,18,5.0,2013.79,6000.0,1.0,0.0
4,3,4.75,683.33,1300.0,1.3333,0.0
25,24,6.6,1654.91,8000.0,1.0417,0.0
64,60,5.25,1464.35,6200.0,1.0667,0.0
3,3,2.3333333333333335,1500.0,2000.0,1.0,0.0
12,12,5.833333333333333,3035.71,21000.0,1.0,0.0833
7,7,4.142857142857143,2238.1,4000.0,1.0,0.0
8,8,3.625,1705.21,4666.67,1.0,0.0
200,166,5.885,1815.79,13000.0,1.2048,0.005
11,11,5.545454545454546,1751.66,4000.0,1.0,0.0
4,3,4.25,1075.0,1500.0,1.3333,0.0
17,17,5.764705882352941,2030.03,5666.67,1.0,0.0
28,21,6.107142857142857,1798.54,12000.0,1.3333,0.0357
14,10,7.142857142857143,5388.04,51000.0,1.4,0.0714
13,12,4.3076923076923075,1711.08,4500.0,1.0833,0.0
41,40,6.195121951219512,2273.26,6000.0,1.025,0.0
13,13,4.769230769230769,2289.0,6000.0,1.0,0.0
32,31,5.6875,1837.14,4333.33,1.0323,0.0
9,8,4.444444444444445,2085.98,6833.33,1.125,0.0
14,14,3.357142857142857,2234.18,7600.0,1.0,0.0
9,6,4.0,1376.85,3666.67,1.5,0.0
9,9,7.0,1704.72,6500.0,1.0,0.0
7,7,11.285714285714286,2639.68,5700.0,1.0,0.0
7,7,6.285714285714286,1321.43,3000.0,1.0,0.0
113,102,5.460176991150442,1569.9,8000.0,1.1078,0.0
47,47,4.404255319148936,2147.03,19500.0,1.0,0.0213
7,7,11.571428571428571,2297.9,5000.0,1.0,0.0
15,15,4.466666666666667,2450.18,9500.0,1.0,0.0
9,9,6.111111111111111,2366.14,5125.0,1.0,0.0
4,4,7.0,1422.22,2600.0,1.0,0.0
7,7,5.428571428571429,2980.95,5500.0,1.0,0.0
18,18,4.888888888888889,3590.1,16833.33,1.0,0.0556
16,15,7.625,1780.56,8250.0,1.0667,0.0
15,15,5.933333333333334,1900.0,5250.0,1.0,0.0
7,4,4.285714285714286,1933.67,6000.0,1.75,0.0
17,17,7.235294117647059,1809.38,4500.0,1.0,0.0
4,4,13.75,1429.17,2500.0,1.0,0.0
4,4,3.5,1969.64,3500.0,1.0,0.0
18,18,3.111111111111111,1532.41,5000.0,1.0,0.0
6,6,2.5,2819.44,8000.0,1.0,0.0
11,10,6.636363636363637,1593.07,3000.0,1.1,0.0
16,13,3.75,2180.7,8000.0,1.2308,0.0
73,56,5.917808219178082,1790.41,10400.0,1.3036,0.0137
8,8,7.125,1668.42,3000.0,1.0,0.0
29,26,6.862068965517241,1586.48,5800.0,1.1154,0.0
26,26,5.076923076923077,1870.64,5285.71,1.0,0.0
38,37,5.684210526315789,1483.36,3666.67,1.027,0.0
28,27,5.928571428571429,1892.25,8000.0,1.037,0.0
146,125,5.328767123287672,1860.96,16666.67,1.168,0.0068
16,16,8.6875,1767.27,5000.0,1.0,0.0
92,89,5.228260869565218,2157.72,11666.67,1.0337,0.0109
15,14,4.933333333333334,2064.08,5500.0,1.0714,0.0
6,6,6.833333333333333,1091.99,1666.67,1.0,0.0
17,16,3.7058823529411766,2082.32,8333.33,1.0625,0.0
58,57,5.4655172413793105,2429.14,7000.0,1.0175,0.0
3,3,6.0,1046.3,1250.0,1.0,0.0
4,4,3.75,642.86,1000.0,1.0,0.0
57,51,6.0,2133.45,17000.0,1.1176,0.0351
3,3,4.666666666666667,1305.56,1833.33,1.0,0.0
7,7,9.571428571428571,3136.11,10000.0,1.0,0.0
3,3,13.333333333333334,2562.09,5333.33,1.0,0.0
8,8,4.375,2616.35,8000.0,1.0,0.0
22,20,6.636363636363637,1515.06,4000.0,1.1,0.0
21,20,4.761904761904762,2527.11,8500.0,1.05,0.0
2,2,13.5,944.44,1000.0,1.0,0.0
8,8,3.125,2289.29,5333.33,1.0,0.0
10,9,7.4,1390.71,4071.43,1.1111,0.0
13,13,3.8461538461538463,2115.46,7000.0,1.0,0.0
3,3,6.0,988.89,1250.0,1.0,0.0
91,85,6.065934065934066,1775.21,10000.0,1.0706,0.0
6,5,5.833333333333333,4292.67,19000.0,1.2,0.1667
20,18,5.2,1764.03,6833.33,1.1111,0.0
17,15,4.588235294117647,1787.79,3666.67,1.1333,0.0
82,71,4.621951219512195,1979.57,10000.0,1.1549,0.0
7,7,4.142857142857143,1352.04,2142.86,1.0,0.0
16,16,4.25,1721.13,4400.0,1.0,0.0
5,5,8.2,3704.85,8600.0,1.0,0.0
10,8,3.6,1654.76,3000.0,1.25,0.0
29,23,4.758620689655173,1647.79,3666.67,1.2609,0.0
9,9,3.5555555555555554,1970.37,6500.0,1.0,0.0
3,3,4.333333333333333,2595.24,4166.67,1.0,0.0
18,17,7.277777777777778,2514.72,11400.0,1.0588,0.0556
148,129,4.756756756756757,2144.69,21500.0,1.1473,0.0135
65,58,5.861538461538461,2180.43,21500.0,1.1207,0.0308
14,14,4.785714285714286,2285.21,8500.0,1.0,0.0
10,10,5.9,1942.22,3000.0,1.0,0.0
16,16,8.0,1158.33,2333.33,1.0,0.0
4,4,4.0,1065.48,1500.0,1.0,0.0
6,6,2.1666666666666665,2088.89,4000.0,1.0,0.0
7,7,7.142857142857143,1308.62,4888.89,1.0,0.0
16,16,6.8125,2806.64,8666.67,1.0,0.0
11,11,3.909090909090909,1291.73,3000.0,1.0,0.0
25,25,4.92,1462.15,4500.0,1.0,0.0
7,7,4.714285714285714,3012.12,6800.0,1.0,0.0
164,146,5.9939024390243905,1995.86,19500.0,1.1233,0.0122
81,79,5.432098765432099,2002.46,11000.0,1.0253,0.0123
68,57,6.044117647058823,2066.93,23500.0,1.193,0.0147
12,12,5.416666666666667,2084.03,8250.0,1.0,0.0
7,7,6.714285714285714,2030.95,3666.67,1.0,0.0
19,19,4.526315789473684,2773.06,28000.0,1.0,0.0526
28,28,6.178571428571429,1836.4,7125.0,1.0,0.0
1,1,4.0,2600.0,2600.0,1.0,0.0
3,2,7.0,3591.27,8750.0,1.5,0.0
158,133,5.822784810126582,2038.6,9666.67,1.188,0.0
42,35,6.690476190476191,1509.41,7600.0,1.2,0.0
76,67,5.197368421052632,2022.1,14000.0,1.1343,0.0263
138,120,6.6521739130434785,2034.25,9000.0,1.15,0.0
153,148,5.934640522875817,1904.31,14166.67,1.0338,0.0131
4,4,5.75,1494.05,2714.29,1.0,0.0
13,13,5.230769230769231,2051.06,4000.0,1.0,0.0
11,11,5.454545454545454,1942.42,5000.0,1.0,0.0
6,4,3.8333333333333335,1765.28,3500.0,1.5,0.0
108,97,5.685185185185185,1586.18,6000.0,1.1134,0.0
8,8,4.0,4270.83,18000.0,1.0,0.125
28,27,5.928571428571429,1992.14,6000.0,1.037,0.0
28,27,6.714285714285714,1799.32,5500.0,1.037,0.0
4,4,3.25,1920.83,3600.0,1.0,0.0
4,4,3.5,3625.0,7000.0,1.0,0.0
25,23,6.24,2336.65,16000.0,1.087,0.04
7,7,6.428571428571429,1104.64,3000.0,1.0,0.0
45,37,5.8,2060.46,10000.0,1.2162,0.0
5,5,3.2,1433.33,3666.67,1.0,0.0
6,6,5.666666666666667,4159.48,15000.0,1.0,0.1667
15,12,6.266666666666667,1688.38,8000.0,1.25,0.0
16,15,6.0,1266.6,4000.0,1.0667,0.0
3,3,10.0,1879.23,4000.0,1.0,0.0
21,21,6.238095238095238,1550.22,3857.14,1.0,0.0
9,8,5.888888888888889,2543.3,9500.0,1.125,0.0
9,8,6.888888888888889,1539.64,3333.33,1.125,0.0
13,9,4.076923076923077,1650.37,3750.0,1.4444,0.0
7,7,4.285714285714286,2284.63,8500.0,1.0,0.0
10,8,5.7,1875.17,4000.0,1.25,0.0
20,19,4.85,1850.94,9000.0,1.0526,0.0
10,10,5.0,1757.62,3250.0,1.0,0.0
7,7,5.0,1261.9,2500.0,1.0,0.0
11,11,4.454545454545454,2417.32,8750.0,1.0,0.0
23,23,5.739130434782608,2134.05,11000.0,1.0,0.0435
7,7,4.571428571428571,2115.48,7500.0,1.0,0.0
7,7,10.857142857142858,684.47,1375.0,1.0,0.0
5,5,6.8,1173.43,2230.77,1.0,0.0
61,57,6.934426229508197,2182.69,15666.67,1.0702,0.0164
16,16,4.0625,2034.73,6250.0,1.0,0.0
9,7,4.0,1206.84,3000.0,1.2857,0.0
20,20,3.7,2726.99,16000.0,1.0,0.05
8,7,2.875,2219.43,3500.0,1.1429,0.0
14,13,4.142857142857143,1665.33,4000.0,1.0769,0.0
2,2,3.0,2166.67,2333.33,1.0,0.0
9,7,3.2222222222222223,2699.07,11000.0,1.2857,0.1111
8,7,6.375,1970.89,7333.33,1.1429,0.0
6,5,7.333333333333333,2409.72,4625.0,1.2,0.0
4,4,6.75,716.07,1250.0,1.0,0.0
8,8,4.25,2313.69,10500.0,1.0,0.125
1,1,2.0,2000.0,2000.0,1.0,0.0
8,8,2.625,1964.58,3000.0,1.0,0.0
19,15,7.0,1799.45,6000.0,1.2667,0.0
9,8,3.0,3206.48,12375.0,1.125,0.1111
21,21,6.0,2092.4,10000.0,1.0,0.0
15,15,6.466666666666667,1609.41,5500.0,1.0,0.0
4,4,2.75,1433.33,2000.0,1.0,0.0
18,18,4.111111111111111,1780.07,5000.0,1.0,0.0
4,3,6.0,2805.56,6000.0,1.3333,0.0
8,8,3.875,2629.17,7666.67,1.0,0.0
9,7,5.0,1444.28,4181.82,1.2857,0.0
11,10,5.0,2234.09,5000.0,1.1,0.0
10,9,6.2,1544.44,2500.0,1.1111,0.0
2,2,9.5,433.33,666.67,1.0,0.0
11,11,6.2727272727272725,1914.09,4500.0,1.0,0.0
19,19,7.368421052631579,1426.29,4000.0,1.0,0.0
13,13,4.769230769230769,2312.64,11000.0,1.0,0.0769
6,6,6.0,1671.76,4000.0,1.0,0.0
7,7,6.142857142857143,3738.46,12000.0,1.0,0.1429
8,7,7.5,3204.71,14000.0,1.1429,0.125
7,6,8.285714285714286,1730.78,3750.0,1.1667,0.0
4,3,5.75,1733.33,2833.33,1.3333,0.0
4,4,3.25,2183.33,4500.0,1.0,0.0
1,1,4.0,1200.0,1200.0,1.0,0.0
3,3,9.0,5337.78,14000.0,1.0,0.3333
9,8,5.777777777777778,1674.75,4750.0,1.125,0.0
3,3,13.666666666666666,2861.11,5000.0,1.0,0.0
1,1,8.0,888.89,888.89,1.0,0.0
6,6,2.8333333333333335,2022.22,7000.0,1.0,0.0
10,10,5.6,3197.02,16500.0,1.0,0.1
25,23,4.8,1520.11,6833.33,1.087,0.0
9,9,4.0,3907.19,9000.0,1.0,0.0
2,2,4.0,625.0,750.0,1.0,0.0
13,13,4.3076923076923075,1776.27,6333.33,1.0,0.0
18,16,5.388888888888889,1848.02,3500.0,1.125,0.0
5,5,10.2,985.4,2000.0,1.0,0.0
20,19,5.65,2102.48,6000.0,1.0526,0.0
19,19,5.2631578947368425,1816.07,11000.0,1.0,0.0526
6,6,12.0,1342.11,4333.33,1.0,0.0
18,17,4.666666666666667,2586.73,13333.33,1.0588,0.0556
13,13,6.0,2131.41,5600.0,1.0,0.0
6,6,5.333333333333333,1225.36,3250.0,1.0,0.0
17,17,4.176470588235294,2711.72,13000.0,1.0,0.0588
9,9,5.333333333333333,1350.97,2333.33,1.0,0.0
1,1,12.0,3923.08,3923.08,1.0,0.0
6,6,5.5,1839.26,5500.0,1.0,0.0
7,6,9.142857142857142,984.48,1666.67,1.1667,0.0
5,5,9.0,1174.26,1428.57,1.0,0.0
9,9,5.222222222222222,2278.14,5500.0,1.0,0.0
2,2,15.5,1617.86,2200.0,1.0,0.0
4,4,3.5,2614.29,5500.0,1.0,0.0
19,17,5.526315789473684,1747.31,5000.0,1.1176,0.0
3,2,8.333333333333334,625.0,750.0,1.5,0.0
7,7,3.4285714285714284,1954.76,4000.0,1.0,0.0
9,9,7.444444444444445,1535.75,6000.0,1.0,0.0
6,6,7.333333333333333,2109.94,3714.29,1.0,0.0
14,11,6.714285714285714,1647.85,5333.33,1.2727,0.0
8,7,8.625,1912.27,5133.33,1.1429,0.0
8,6,6.5,1628.58,3222.22,1.3333,0.0
14,13,5.071428571428571,1313.1,2400.0,1.0769,0.0
6,5,3.8333333333333335,1206.75,2800.0,1.2,0.0
10,10,4.9,1463.1,3000.0,1.0,0.0
13,12,5.6923076923076925,1425.99,3000.0,1.0833,0.0
4,4,4.5,1541.67,2666.67,1.0,0.0
1,1,7.0,625.0,625.0,1.0,0.0
7,7,8.0,812.81,2250.0,1.0,0.0
1,1,5.0,4500.0,4500.0,1.0,0.0
2,2,8.5,766.67,1000.0,1.0,0.0
4,4,6.25,1837.5,4000.0,1.0,0.0
13,12,5.076923076923077,2597.25,10500.0,1.0833,0.0769
18,15,6.0,2836.79,14000.0,1.2,0.0556
1,1,4.0,5600.0,5600.0,1.0,0.0
9,8,5.333333333333333,1776.59,4500.0,1.125,0.0
2,2,1.0,5000.0,9000.0,1.0,0.0
10,7,3.8,1719.05,4250.0,1.4286,0.0
6,6,8.333333333333334,1432.18,4000.0,1.0,0.0
3,3,10.666666666666666,1027.78,1333.33,1.0,0.0
5,5,9.2,2190.59,5333.33,1.0,0.0
6,6,11.333333333333334,980.28,1500.0,1.0,0.0
3,2,4.0,3555.56,6666.67,1.5,0.0
31,27,4.967741935483871,1530.87,3500.0,1.1481,0.0
11,10,12.272727272727273,1741.36,4333.33,1.1,0.0
20,17,4.05,1661.96,5500.0,1.1765,0.0
6,6,6.166666666666667,1482.47,2555.56,1.0,0.0
10,9,4.6,2889.14,15000.0,1.1111,0.1
5,5,2.4,1946.67,3400.0,1.0,0.0
23,21,4.565217391304348,2055.15,7666.67,1.0952,0.0
3,3,3.3333333333333335,955.56,1666.67,1.0,0.0
5,5,5.8,1235.0,2000.0,1.0,0.0
3,3,4.666666666666667,2016.67,3500.0,1.0,0.0
6,6,3.0,1708.33,3000.0,1.0,0.0
9,9,6.444444444444445,1533.14,3500.0,1.0,0.0
2,2,3.5,1850.0,3200.0,1.0,0.0
1,1,4.0,1800.0,1800.0,1.0,0.0
3,3,5.0,1717.78,3800.0,1.0,0.0
4,4,5.5,586.9,833.33,1.0,0.0
5,5,3.6,1715.0,4666.67,1.0,0.0
4,4,2.75,1916.67,3000.0,1.0,0.0
5,5,4.2,1763.1,4333.33,1.0,0.0
6,6,8.166666666666666,2200.41,4000.0,1.0,0.0
11,11,4.454545454545454,3140.48,16500.0,1.0,0.0909
5,5,5.2,1152.48,3000.0,1.0,0.0
7,7,7.428571428571429,1354.42,2666.67,1.0,0.0
15,15,5.533333333333333,1699.98,3500.0,1.0,0.0
23,20,5.695652173913044,1857.46,9000.0,1.15,0.0
3,3,3.3333333333333335,1253.97,1666.67,1.0,0.0
8,8,7.625,2279.17,3666.67,1.0,0.0
15,15,4.266666666666667,1964.05,5000.0,1.0,0.0
4,4,5.0,1433.33,2000.0,1.0,0.0
10,10,8.6,1974.66,5833.33,1.0,0.0
34,31,3.3823529411764706,1903.36,15000.0,1.0968,0.0294
15,14,6.533333333333333,1546.85,4500.0,1.0714,0.0
1,1,7.0,1250.0,1250.0,1.0,0.0
4,4,4.5,2145.83,3333.33,1.0,0.0
10,10,6.9,2208.14,5000.0,1.0,0.0
7,6,4.142857142857143,1345.24,2250.0,1.1667,0.0
6,5,5.666666666666667,1010.42,1625.0,1.2,0.0
3,3,7.0,1352.94,2000.0,1.0,0.0
9,9,5.444444444444445,1812.83,6000.0,1.0,0.0
9,8,3.5555555555555554,1932.28,4857.14,1.125,0.0
4,4,6.5,3393.75,6000.0,1.0,0.0
7,7,7.0,1415.99,4000.0,1.0,0.0
7,7,4.714285714285714,859.52,2750.0,1.0,0.0
5,4,10.0,1094.96,3000.0,1.25,0.0
4,3,2.5,2533.33,4800.0,1.3333,0.0
8,7,5.875,2025.0,3333.33,1.1429,0.0
3,3,11.333333333333334,1662.04,2444.44,1.0,0.0
2,2,18.0,1004.76,1666.67,1.0,0.0
6,6,3.5,1637.5,2750.0,1.0,0.0
2,2,3.0,1100.0,1200.0,1.0,0.0
5,4,5.0,1512.86,2500.0,1.25,0.0
1,1,1.0,0.0,0.0,1.0,0.0
2,2,7.0,2125.0,3500.0,1.0,0.0
1,1,1.0,2000.0,2000.0,1.0,0.0
4,4,6.75,1016.67,2000.0,1.0,0.0
7,7,7.857142857142857,2773.81,7000.0,1.0,0.0
2,2,4.0,1300.0,2000.0,1.0,0.0
6,4,7.333333333333333,4123.42,20000.0,1.5,0.1667
3,3,3.6666666666666665,1703.7,2111.11,1.0,0.0
3,3,4.0,872.22,1200.0,1.0,0.0
6,6,9.666666666666666,1958.7,4000.0,1.0,0.0
6,4,9.666666666666666,2355.29,8000.0,1.5,0.0
5,4,4.8,1756.67,6250.0,1.25,0.0
4,4,12.0,1055.56,1666.67,1.0,0.0
4,4,5.0,1475.69,2625.0,1.0,0.0
2,2,4.0,1812.5,2000.0,1.0,0.0
9,9,4.0,2324.07,7333.33,1.0,0.0
1,1,3.0,1250.0,1250.0,1.0,0.0
1,1,5.0,1166.67,1166.67,1.0,0.0
3,3,5.0,1522.22,1700.0,1.0,0.0
8,7,7.125,1730.98,4500.0,1.1429,0.0
6,2,9.5,1025.93,1833.33,3.0,0.0
1,1,24.0,840.0,840.0,1.0,0.0
1,1,2.0,1333.33,1333.33,1.0,0.0
5,5,11.4,1345.09,2875.0,1.0,0.0
3,3,3.0,1166.67,1500.0,1.0,0.0
1,1,4.0,2600.0,2600.0,1.0,0.0
3,3,4.333333333333333,2847.22,6500.0,1.0,0.0
1,1,3.0,2000.0,2000.0,1.0,0.0
4,4,3.25,2333.33,6000.0,1.0,0.0
3,3,3.0,2333.33,4250.0,1.0,0.0
1,1,4.0,1000.0,1000.0,1.0,0.0
2,2,2.0,1166.67,1333.33,1.0,0.0
5,5,5.6,2568.89,8750.0,1.0,0.0
7,7,3.4285714285714284,2173.81,4750.0,1.0,0.0
4,4,6.0,2098.21,3642.86,1.0,0.0
5,3,4.0,1533.33,2000.0,1.6667,0.0
3,3,8.333333333333334,1005.56,1750.0,1.0,0.0
3,3,10.666666666666666,3175.29,6000.0,1.0,0.0
5,5,8.4,1117.14,2200.0,1.0,0.0
1,1,1.0,1500.0,1500.0,1.0,0.0
5,5,4.6,1341.9,2400.0,1.0,0.0
5,5,6.0,2354.44,4250.0,1.0,0.0
10,9,6.9,1264.52,4500.0,1.1111,0.0
9,8,7.666666666666667,2295.04,5750.0,1.125,0.0
1,1,1.0,2500.0,2500.0,1.0,0.0
4,4,9.0,1845.09,3500.0,1.0,0.0
2,2,3.0,2466.67,3600.0,1.0,0.0
3,3,5.333333333333333,1793.94,4200.0,1.0,0.0
3,3,4.0,1055.56,1333.33,1.0,0.0
2,2,2.0,2600.0,4000.0,1.0,0.0
3,3,26.666666666666668,830.81,1583.33,1.0,0.0
2,2,4.5,678.57,857.14,1.0,0.0
3,3,8.666666666666666,3783.33,8600.0,1.0,0.0
5,5,8.4,1072.11,2000.0,1.0,0.0
3,3,3.6666666666666665,1400.0,2500.0,1.0,0.0
3,3,9.333333333333334,1631.37,3294.12,1.0,0.0
9,9,4.777777777777778,3228.15,15500.0,1.0,0.1111
1,1,13.0,2571.43,2571.43,1.0,0.0
2,2,3.5,1200.0,1400.0,1.0,0.0
5,5,2.6,1600.0,3000.0,1.0,0.0
2,2,6.0,2750.0,5500.0,1.0,0.0
3,3,5.666666666666667,458.33,875.0,1.0,0.0
1,1,1.0,2500.0,2500.0,1.0,0.0
5,5,3.8,1500.0,2500.0,1.0,0.0
2,2,10.5,3844.44,6800.0,1.0,0.0
2,2,5.5,1400.0,1800.0,1.0,0.0
2,2,18.0,273.91,347.83,1.0,0.0
17,14,7.764705882352941,2472.27,18500.0,1.2143,0.0588
2,2,4.0,3062.5,4125.0,1.0,0.0
4,4,2.5,3900.0,10333.33,1.0,0.25
4,3,4.0,3179.17,6666.67,1.3333,0.0
1,1,2.0,1333.33,1333.33,1.0,0.0
3,3,13.333333333333334,3342.59,9000.0,1.0,0.0
2,2,2.5,4166.67,4333.33,1.0,0.0
2,2,3.0,2166.67,2500.0,1.0,0.0
2,2,4.0,2238.1,3333.33,1.0,0.0
3,3,5.333333333333333,1416.67,2250.0,1.0,0.0
2,2,12.0,1534.09,2750.0,1.0,0.0
4,4,5.25,901.92,1800.0,1.0,0.0
1,1,1.0,2500.0,2500.0,1.0,0.0
5,5,3.2,2632.0,5000.0,1.0,0.0
2,2,6.5,1423.08,2000.0,1.0,0.0
2,2,6.0,1725.0,2200.0,1.0,0.0
3,3,3.3333333333333335,3083.33,7250.0,1.0,0.0
3,3,2.3333333333333335,5833.33,14250.0,1.0,0.3333
8,7,6.125,1905.08,7000.0,1.1429,0.0
3,3,5.333333333333333,1080.56,1666.67,1.0,0.0
1,1,7.0,625.0,625.0,1.0,0.0
4,4,9.25,4672.93,14500.0,1.0,0.25
3,2,10.333333333333334,1988.64,4250.0,1.5,0.0
5,4,6.6,2002.38,4250.0,1.25,0.0
3,3,2.6666666666666665,1777.78,3666.67,1.0,0.0
1,1,0.0,7000.0,7000.0,1.0,0.0
4,4,4.5,1522.73,2000.0,1.0,0.0
1,1,3.0,2500.0,2500.0,1.0,0.0
1,1,1.0,6000.0,6000.0,1.0,0.0
2,2,1.5,750.0,1500.0,1.0,0.0
1,1,10.0,909.09,909.09,1.0,0.0
1,1,4.0,2600.0,2600.0,1.0,0.0
3,2,6.666666666666667,1625.0,2000.0,1.5,0.0
2,2,3.5,1025.0,1250.0,1.0,0.0
2,2,2.0,2000.0,2000.0,1.0,0.0
1,1,13.0,857.14,857.14,1.0,0.0
3,3,5.0,955.56,2166.67,1.0,0.0
2,2,4.5,805.56,1500.0,1.0,0.0
2,1,5.5,950.0,1400.0,2.0,0.0
1,1,3.0,2500.0,2500.0,1.0,0.0
1,1,8.0,333.33,333.33,1.0,0.0
2,2,3.0,2466.67,3600.0,1.0,0.0
1,1,4.0,400.0,400.0,1.0,0.0
1,1,3.0,1750.0,1750.0,1.0,0.0
1,1,16.0,1176.47,1176.47,1.0,0.0
2,2,6.0,479.17,625.0,1.0,0.0
1,1,3.0,1250.0,1250.0,1.0,0.0
1,1,3.0,1000.0,1000.0,1.0,0.0
4,3,3.0,2211.31,4250.0,1.3333,0.0
1,1,16.0,764.71,764.71,1.0,0.0
1,1,4.0,800.0,800.0,1.0,0.0
1,1,4.0,0.0,0.0,1.0,0.0
2,2,5.5,1550.0,1600.0,1.0,0.0
1,1,3.0,2250.0,2250.0,1.0,0.0
1,1,6.0,1714.29,1714.29,1.0,0.0
1,1,11.0,1250.0,1250.0,1.0,0.0
1,1,10.0,909.09,909.09,1.0,0.0
1,1,2.0,1333.33,1333.33,1.0,0.0
4,4,6.25,1574.4,2250.0,1.0,0.0
4,4,3.0,1345.83,1750.0,1.0,0.0
13,13,5.153846153846154,2324.06,8500.0,1.0,0.0
8,7,6.375,1331.07,2250.0,1.1429,0.0
9,9,4.555555555555555,1647.69,3666.67,1.0,0.0
26,26,6.038461538461538,2230.49,15600.0,1.0,0.0385
19,17,7.894736842105263,1930.84,5500.0,1.1176,0.0
117,89,4.897435897435898,2358.83,14500.0,1.3146,0.0085
9,9,6.0,2121.46,5500.0,1.0,0.0
77,68,4.584415584415584,2037.81,8750.0,1.1324,0.0
12,12,4.333333333333333,2687.5,15000.0,1.0,0.0833
8,6,4.125,1934.23,5250.0,1.3333,0.0
22,21,5.954545454545454,1658.48,5000.0,1.0476,0.0
7,7,10.0,2555.16,5375.0,1.0,0.0
18,15,3.611111111111111,2207.45,8000.0,1.2,0.0
66,62,5.2272727272727275,2170.26,16000.0,1.0645,0.0303
13,13,8.153846153846153,2165.77,5333.33,1.0,0.0
25,22,3.96,2301.22,8000.0,1.1364,0.0
36,32,5.333333333333333,1917.97,9333.33,1.125,0.0
29,29,5.241379310344827,2380.04,11400.0,1.0,0.0345
114,95,5.7368421052631575,2258.11,15000.0,1.2,0.0263
37,34,6.0,1725.03,5250.0,1.0882,0.0
26,16,6.615384615384615,1476.81,7500.0,1.625,0.0
118,95,5.5,2203.28,14500.0,1.2421,0.0169
21,18,4.9523809523809526,3303.7,11000.0,1.1667,0.0476
5,4,5.2,700.0,2250.0,1.25,0.0
41,29,5.390243902439025,1512.51,4000.0,1.4138,0.0
14,13,6.857142857142857,1992.73,7600.0,1.0769,0.0
49,46,6.346938775510204,1999.9,10000.0,1.0652,0.0
44,39,6.068181818181818,1674.8,11000.0,1.1282,0.0227
11,11,7.090909090909091,1158.47,2000.0,1.0,0.0
23,22,4.608695652173913,2314.86,9000.0,1.0455,0.0
76,73,6.2894736842105265,1865.1,14000.0,1.0411,0.0132
17,17,6.882352941176471,2124.3,8400.0,1.0,0.0
6,6,8.5,2428.7,6000.0,1.0,0.0
6,5,2.8333333333333335,2666.67,4666.67,1.2,0.0
30,29,3.7666666666666666,2091.63,6800.0,1.0345,0.0
18,18,5.5,1757.53,4200.0,1.0,0.0
35,34,6.571428571428571,1348.58,4000.0,1.0294,0.0
56,55,4.732142857142857,2179.86,6250.0,1.0182,0.0
10,9,6.2,3423.92,10500.0,1.1111,0.1
9,9,7.0,1365.96,3000.0,1.0,0.0
22,22,6.2727272727272725,1748.7,6000.0,1.0,0.0
516,458,5.9147286821705425,2109.14,57000.0,1.1266,0.0194
40,40,4.875,1815.8,7250.0,1.0,0.0
210,189,4.957142857142857,1778.94,14500.0,1.1111,0.0048
23,22,4.478260869565218,2319.77,6750.0,1.0455,0.0
20,19,6.95,1977.45,6000.0,1.0526,0.0
31,28,4.258064516129032,3307.67,35000.0,1.1071,0.0645
9,9,4.888888888888889,2604.37,11000.0,1.0,0.1111
41,38,7.2682926829268295,2075.41,17000.0,1.0789,0.0488
37,30,7.702702702702703,1887.0,11000.0,1.2333,0.027
42,41,5.761904761904762,1524.23,5750.0,1.0244,0.0
19,19,5.894736842105263,1782.16,10000.0,1.0,0.0
185,159,6.091891891891892,2146.29,15500.0,1.1635,0.0162
6,4,4.333333333333333,1781.82,4000.0,1.5,0.0
24,24,6.958333333333333,2425.49,9000.0,1.0,0.0
15,15,7.0,2055.17,5000.0,1.0,0.0
2,2,1.5,14250.0,27500.0,1.0,0.5
23,20,7.086956521739131,1739.35,4200.0,1.15,0.0
7,6,6.857142857142857,1614.02,3100.0,1.1667,0.0
7,7,7.0,800.0,3333.33,1.0,0.0
173,131,5.936416184971098,1840.87,10500.0,1.3206,0.0058
20,19,5.85,2333.5,8142.86,1.0526,0.0
31,29,4.129032258064516,1758.13,6000.0,1.069,0.0
8,8,4.875,1664.68,4666.67,1.0,0.0
7,5,3.7142857142857144,1489.8,3333.33,1.4,0.0
31,25,6.774193548387097,2450.48,11333.33,1.24,0.0323
16,15,4.75,1375.86,4600.0,1.0667,0.0
36,35,3.6666666666666665,2396.55,8000.0,1.0286,0.0
11,11,3.5454545454545454,2126.31,6000.0,1.0,0.0
21,18,5.571428571428571,2147.39,8750.0,1.1667,0.0
42,38,5.214285714285714,2014.93,11333.33,1.1053,0.0238
224,176,5.419642857142857,1897.58,8000.0,1.2727,0.0
195,185,5.887179487179488,1956.88,15000.0,1.0541,0.0051
32,32,6.3125,2061.72,11333.33,1.0,0.0313
33,32,4.424242424242424,1922.39,11333.33,1.0313,0.0303
109,100,6.036697247706422,1879.37,10400.0,1.09,0.0092
44,36,3.909090909090909,2694.63,28500.0,1.2222,0.0227
3,3,2.0,4155.56,9000.0,1.0,0.0
386,308,5.948186528497409,2204.21,28000.0,1.2532,0.0155
41,40,6.2926829268292686,1847.2,6800.0,1.025,0.0
27,23,6.555555555555555,1526.68,4400.0,1.1739,0.0
3,3,11.0,527.78,1333.33,1.0,0.0
13,9,5.3076923076923075,1420.87,3666.67,1.4444,0.0
42,39,4.976190476190476,1886.39,5250.0,1.0769,0.0
51,45,6.607843137254902,2318.7,28000.0,1.1333,0.0392
6,5,6.666666666666667,2936.64,5545.45,1.2,0.0
50,49,5.28,1699.39,5285.71,1.0204,0.0
27,24,6.0,1707.55,7666.67,1.125,0.0
45,42,5.533333333333333,2122.23,11000.0,1.0714,0.0444
33,31,7.151515151515151,2024.53,8750.0,1.0645,0.0
12,8,4.75,2912.56,8500.0,1.5,0.0
40,36,5.4,2339.06,6571.43,1.1111,0.0
6,6,3.5,2781.48,4555.56,1.0,0.0
15,9,3.466666666666667,2652.41,7666.67,1.6667,0.0
18,16,7.444444444444445,1347.42,2750.0,1.125,0.0
34,33,5.9411764705882355,1477.04,4000.0,1.0303,0.0
5,4,6.6,2369.61,8500.0,1.25,0.0
46,40,4.369565217391305,1956.14,7000.0,1.15,0.0
52,51,5.653846153846154,1557.66,5000.0,1.0196,0.0
51,43,6.490196078431373,2069.63,7500.0,1.186,0.0
22,17,4.045454545454546,2717.52,20000.0,1.2941,0.0455
27,26,4.222222222222222,2438.56,14250.0,1.0385,0.037
12,11,9.083333333333334,1725.46,6000.0,1.0909,0.0
5,4,8.2,1002.56,1428.57,1.25,0.0
43,40,5.4186046511627906,1741.36,6000.0,1.075,0.0
5,5,4.2,1085.0,1800.0,1.0,0.0
22,17,6.590909090909091,2287.05,9000.0,1.2941,0.0
12,10,8.75,1723.28,5500.0,1.2,0.0
47,44,5.574468085106383,1803.43,4666.67,1.0682,0.0
8,8,5.5,1998.4,5000.0,1.0,0.0
15,14,5.4,1904.55,4800.0,1.0714,0.0
96,90,5.770833333333333,2026.44,12333.33,1.0667,0.0104
8,8,8.75,1859.3,3666.67,1.0,0.0
32,27,5.46875,2310.23,12500.0,1.1852,0.0313
78,68,4.756410256410256,2048.67,13000.0,1.1471,0.0128
50,48,6.68,2136.68,18500.0,1.0417,0.02
55,49,4.418181818181818,2314.87,13750.0,1.1224,0.0364
200,167,5.965,1908.52,14000.0,1.1976,0.005
231,198,5.597402597402597,2122.48,15000.0,1.1667,0.0173
16,16,6.125,2142.62,8000.0,1.0,0.0
48,45,5.9375,1848.95,7000.0,1.0667,0.0
45,40,6.666666666666667,2288.37,9500.0,1.125,0.0
282,262,5.804964539007092,1918.4,21000.0,1.0763,0.0142
10,10,3.6,5468.21,29500.0,1.0,0.1
51,40,7.294117647058823,2455.49,25000.0,1.275,0.0392
10,10,6.9,913.64,2250.0,1.0,0.0
26,25,5.576923076923077,2026.59,5500.0,1.04,0.0
11,9,6.2727272727272725,1676.91,5000.0,1.2222,0.0
7,5,3.5714285714285716,7349.49,30000.0,1.4,0.2857
48,42,4.604166666666667,2190.89,11200.0,1.1429,0.0208
20,16,6.8,1877.56,7000.0,1.25,0.0
20,18,8.55,1713.25,12000.0,1.1111,0.05
4,4,5.25,751.6,1333.33,1.0,0.0
23,23,5.695652173913044,2494.75,12000.0,1.0,0.0435
6,6,4.5,5091.67,12000.0,1.0,0.1667
117,108,5.435897435897436,2192.49,10333.33,1.0833,0.0085
4,4,9.25,1416.67,3333.33,1.0,0.0
13,13,5.923076923076923,1569.27,4500.0,1.0,0.0
37,34,7.72972972972973,1512.97,4000.0,1.0882,0.0
24,22,6.708333333333333,1543.23,7000.0,1.0909,0.0
48,43,5.104166666666667,2332.92,17000.0,1.1163,0.0208
55,43,5.836363636363636,2175.23,11500.0,1.2791,0.0364
31,26,5.161290322580645,1786.64,5000.0,1.1923,0.0
15,15,3.2666666666666666,3743.25,13500.0,1.0,0.0667
63,51,5.26984126984127,2862.58,43000.0,1.2353,0.0317
16,15,5.375,2147.96,4666.67,1.0667,0.0
8,8,5.375,2230.38,5833.33,1.0,0.0
13,12,4.615384615384615,2169.41,4875.0,1.0833,0.0
15,14,6.8,1229.26,3000.0,1.0714,0.0
2,2,2.0,1833.33,2000.0,1.0,0.0
21,21,4.809523809523809,2128.38,11500.0,1.0,0.0476
9,5,5.555555555555555,2126.19,7000.0,1.8,0.0
24,22,5.458333333333333,2492.36,7000.0,1.0909,0.0
79,74,6.050632911392405,2039.56,12166.67,1.0676,0.0127
23,17,6.3478260869565215,2324.37,6000.0,1.3529,0.0
32,30,4.40625,1549.5,5500.0,1.0667,0.0
54,53,6.0,1996.3,15000.0,1.0189,0.0185
81,74,5.703703703703703,1992.27,8000.0,1.0946,0.0
2,2,3.5,1416.67,1666.67,1.0,0.0
10,10,5.5,1985.66,8500.0,1.0,0.0
4,4,2.25,11462.5,40000.0,1.0,0.25
9,9,5.555555555555555,1233.97,2250.0,1.0,0.0
82,72,5.475609756097561,2111.63,10800.0,1.1389,0.0122
101,88,5.99009900990099,1766.0,9750.0,1.1477,0.0
62,58,5.919354838709677,2181.23,11400.0,1.069,0.0161
40,38,5.05,2636.21,19000.0,1.0526,0.025
15,13,4.533333333333333,2340.5,9000.0,1.1538,0.0
26,23,5.884615384615385,2005.08,7000.0,1.1304,0.0
57,54,6.543859649122807,1858.71,14000.0,1.0556,0.0175
9,9,5.333333333333333,1041.69,2545.45,1.0,0.0
16,12,4.8125,2971.69,7812.5,1.3333,0.0
5,5,6.8,1001.96,1333.33,1.0,0.0
24,22,5.125,1715.63,3666.67,1.0909,0.0
38,38,4.868421052631579,1898.68,7500.0,1.0,0.0
161,143,6.496894409937888,1975.66,17000.0,1.1259,0.0186
32,32,4.9375,2115.91,5500.0,1.0,0.0
24,21,6.458333333333333,2141.99,11500.0,1.1429,0.0417
36,33,6.083333333333333,1651.63,5250.0,1.0909,0.0
44,44,5.795454545454546,2064.18,9500.0,1.0,0.0
4,4,6.25,1659.9,2285.71,1.0,0.0
16,15,5.75,1835.57,4000.0,1.0667,0.0
8,8,5.625,1119.79,2000.0,1.0,0.0
12,12,5.75,1869.82,3333.33,1.0,0.0
205,191,6.019512195121951,2155.18,27000.0,1.0733,0.0146
1,1,33.0,235.29,235.29,1.0,0.0
24,23,4.083333333333333,2841.07,18333.33,1.0435,0.0417
12,12,10.75,1529.65,5000.0,1.0,0.0
3,3,3.3333333333333335,2194.44,3000.0,1.0,0.0
13,12,6.6923076923076925,2067.06,11000.0,1.0833,0.0769
6,6,4.166666666666667,2054.17,3500.0,1.0,0.0
6,6,7.666666666666667,1673.91,3666.67,1.0,0.0
17,17,3.8823529411764706,3938.25,25250.0,1.0,0.0588
48,35,5.270833333333333,2032.66,13000.0,1.3714,0.0208
4,4,5.25,1681.25,4000.0,1.0,0.0
26,24,5.6923076923076925,2361.49,10750.0,1.0833,0.0385
146,130,5.335616438356165,1645.73,7500.0,1.1231,0.0
58,50,6.913793103448276,1403.37,6500.0,1.16,0.0
4,4,8.25,1815.48,2571.43,1.0,0.0
7,7,3.857142857142857,1629.37,3000.0,1.0,0.0
12,12,4.25,1303.17,3500.0,1.0,0.0
94,81,5.9787234042553195,1929.75,17000.0,1.1605,0.0106
10,10,5.6,1541.11,4500.0,1.0,0.0
9,9,4.333333333333333,1480.64,3000.0,1.0,0.0
37,34,5.054054054054054,2721.98,19000.0,1.0882,0.0541
8,7,9.875,1186.91,2750.0,1.1429,0.0
15,12,4.266666666666667,2351.37,9000.0,1.25,0.0
3,3,3.0,1944.44,2500.0,1.0,0.0
11,11,3.3636363636363638,2709.27,6000.0,1.0,0.0
3,3,3.3333333333333335,666.67,1500.0,1.0,0.0
50,44,7.04,2110.78,11400.0,1.1364,0.02
7,7,2.4285714285714284,3171.43,12000.0,1.0,0.1429
108,85,6.0092592592592595,2074.75,13000.0,1.2706,0.0093
29,27,6.0,1625.52,5833.33,1.0741,0.0
40,37,5.075,1966.08,16333.33,1.0811,0.025
9,9,3.0,2842.59,10666.67,1.0,0.1111
5,5,4.0,956.67,1333.33,1.0,0.0
3,3,8.0,1433.33,3500.0,1.0,0.0
10,10,11.5,1611.15,5400.0,1.0,0.0
14,14,4.071428571428571,2711.63,12333.33,1.0,0.0714
5,5,5.2,1169.05,3166.67,1.0,0.0
2,2,3.5,1125.0,1250.0,1.0,0.0
7,7,8.857142857142858,985.17,2000.0,1.0,0.0
15,15,5.466666666666667,1864.71,4750.0,1.0,0.0
22,20,6.318181818181818,1873.1,9000.0,1.1,0.0
22,22,7.2727272727272725,2320.81,13750.0,1.0,0.0455
11,11,9.181818181818182,1338.01,2750.0,1.0,0.0
41,37,4.658536585365853,2265.47,7666.67,1.1081,0.0
9,9,5.444444444444445,2401.71,5500.0,1.0,0.0
9,9,6.777777777777778,2084.32,4000.0,1.0,0.0
60,49,5.133333333333334,1998.06,9500.0,1.2245,0.0
81,76,6.444444444444445,1659.88,5700.0,1.0658,0.0
82,76,5.317073170731708,2125.39,10666.67,1.0789,0.0122
59,51,5.6440677966101696,1667.19,4800.0,1.1569,0.0
8,8,6.625,2067.26,4071.43,1.0,0.0
10,10,2.9,3246.43,5666.67,1.0,0.0
10,10,4.3,2078.81,8500.0,1.0,0.0
56,55,5.785714285714286,2448.83,11400.0,1.0182,0.0179
19,18,6.2631578947368425,1903.45,4000.0,1.0556,0.0
2,2,4.0,833.33,1666.67,1.0,0.0
30,30,6.3,1636.86,8333.33,1.0,0.0
128,113,6.046875,1877.7,13000.0,1.1327,0.0156
22,22,4.954545454545454,1964.36,7000.0,1.0,0.0
17,17,6.176470588235294,1564.68,3333.33,1.0,0.0
14,11,4.285714285714286,2973.64,5500.0,1.2727,0.0
12,9,7.416666666666667,2764.02,13000.0,1.3333,0.0833
11,10,6.909090909090909,2065.16,5666.67,1.1,0.0
7,7,3.0,1914.29,3600.0,1.0,0.0
11,11,6.181818181818182,2257.68,10333.33,1.0,0.0909
1,1,5.0,0.0,0.0,1.0,0.0
14,13,4.714285714285714,3465.88,13500.0,1.0769,0.0714
5,4,2.2,2800.0,5500.0,1.25,0.0
1,1,2.0,6666.67,6666.67,1.0,0.0
4,4,3.75,1569.44,2500.0,1.0,0.0
5,5,7.6,1747.86,2714.29,1.0,0.0
38,33,7.2105263157894735,1817.7,9500.0,1.1515,0.0
11,10,6.2727272727272725,1731.99,3250.0,1.1,0.0
2,2,8.0,600.0,1200.0,1.0,0.0
4,4,7.25,645.83,1200.0,1.0,0.0
3,2,1.3333333333333333,10500.0,22500.0,1.5,0.3333
14,9,4.142857142857143,1906.19,5500.0,1.5556,0.0
5,5,6.4,1224.33,1600.0,1.0,0.0
5,5,3.8,2261.11,5000.0,1.0,0.0
2,2,5.5,1680.56,2111.11,1.0,0.0
13,13,6.230769230769231,2875.53,9750.0,1.0,0.0
8,6,4.875,2345.54,6800.0,1.3333,0.0
6,6,6.333333333333333,1572.92,4800.0,1.0,0.0
4,4,5.5,2946.43,7000.0,1.0,0.0
4,4,5.0,1394.44,2000.0,1.0,0.0
5,5,2.6,2800.0,3666.67,1.0,0.0
7,7,6.571428571428571,1615.97,2666.67,1.0,0.0
5,3,6.4,1898.33,4666.67,1.6667,0.0
13,11,8.538461538461538,1529.71,3500.0,1.1818,0.0
16,12,8.875,1669.49,4750.0,1.3333,0.0
22,22,4.0,1815.19,5000.0,1.0,0.0
6,6,6.833333333333333,2213.89,3583.33,1.0,0.0
16,14,5.375,2062.82,9250.0,1.1429,0.0
21,20,5.428571428571429,1833.88,5333.33,1.05,0.0
12,11,4.833333333333333,1798.61,3833.33,1.0909,0.0
9,8,4.444444444444445,1920.68,5000.0,1.125,0.0
5,5,3.2,1860.0,3800.0,1.0,0.0
19,19,4.7368421052631575,2445.07,10000.0,1.0,0.0
18,14,7.5,1977.1,6500.0,1.2857,0.0
10,5,10.7,1550.37,3200.0,2.0,0.0
46,40,4.6521739130434785,2064.3,12500.0,1.15,0.0217
15,14,7.933333333333334,1704.84,5333.33,1.0714,0.0
6,6,6.333333333333333,1884.65,6500.0,1.0,0.0
9,8,5.666666666666667,3121.69,9000.0,1.125,0.0
8,8,4.625,1773.74,3500.0,1.0,0.0
10,10,5.2,1585.56,3000.0,1.0,0.0
17,14,6.823529411764706,1835.45,8000.0,1.2143,0.0
12,11,5.5,807.29,1250.0,1.0909,0.0
1,1,5.0,666.67,666.67,1.0,0.0
11,10,3.727272727272727,1741.99,5000.0,1.1,0.0
7,7,5.285714285714286,1598.48,3000.0,1.0,0.0
8,8,3.75,1804.86,6000.0,1.0,0.0
1,1,35.0,1583.33,1583.33,1.0,0.0
4,4,4.75,2020.24,3714.29,1.0,0.0
4,4,3.25,1366.67,2000.0,1.0,0.0
4,4,5.5,924.51,1090.91,1.0,0.0
10,10,3.1,1672.44,2666.67,1.0,0.0
15,13,5.4,1700.28,6333.33,1.1538,0.0
14,12,6.428571428571429,2049.91,5333.33,1.1667,0.0
7,6,2.5714285714285716,1773.81,4000.0,1.1667,0.0
7,7,6.285714285714286,2166.82,5000.0,1.0,0.0
22,21,6.2727272727272725,1500.94,4400.0,1.0476,0.0
17,16,6.882352941176471,2030.38,8500.0,1.0625,0.0
10,9,5.9,1349.5,3000.0,1.1111,0.0
16,16,5.875,1546.26,4400.0,1.0,0.0
7,7,6.714285714285714,1747.56,6333.33,1.0,0.0
4,4,6.0,1147.22,1666.67,1.0,0.0
3,3,14.0,1084.15,1333.33,1.0,0.0
25,22,6.2,1536.02,4333.33,1.1364,0.0
1,1,3.0,750.0,750.0,1.0,0.0
9,9,7.333333333333333,1455.25,3800.0,1.0,0.0
3,3,9.333333333333334,994.95,1416.67,1.0,0.0
3,3,7.0,1911.11,4333.33,1.0,0.0
7,7,3.857142857142857,3130.95,12000.0,1.0,0.1429
12,12,3.0,2138.89,7800.0,1.0,0.0
1,1,8.0,666.67,666.67,1.0,0.0
18,18,5.055555555555555,1677.38,3500.0,1.0,0.0
2,2,2.5,2041.67,3333.33,1.0,0.0
5,5,12.2,1673.23,4500.0,1.0,0.0
8,8,6.5,2163.59,6833.33,1.0,0.0
9,9,5.444444444444445,1436.95,2500.0,1.0,0.0
1,1,4.0,2200.0,2200.0,1.0,0.0
20,20,6.1,1690.94,9000.0,1.0,0.0
16,16,7.5625,1371.48,6875.0,1.0,0.0
31,30,5.258064516129032,1783.65,6500.0,1.0333,0.0
4,4,6.75,1067.86,1571.43,1.0,0.0
8,8,5.5,2931.52,15000.0,1.0,0.125
9,8,8.333333333333334,1529.87,4384.62,1.125,0.0
3,3,3.6666666666666665,833.33,1500.0,1.0,0.0
2,2,4.0,900.0,1000.0,1.0,0.0
5,5,10.2,1492.22,3200.0,1.0,0.0
11,10,4.7272727272727275,1631.53,5333.33,1.1,0.0
3,3,10.0,2285.02,4000.0,1.0,0.0
15,12,4.333333333333333,1923.42,7000.0,1.25,0.0
6,5,3.6666666666666665,1814.1,3000.0,1.2,0.0
1,1,1.0,1500.0,1500.0,1.0,0.0
8,8,5.875,1743.24,3750.0,1.0,0.0
2,2,1.5,1416.67,1500.0,1.0,0.0
8,7,5.5,2576.56,5000.0,1.1429,0.0
2,2,7.0,866.67,900.0,1.0,0.0
5,5,5.4,1146.54,2800.0,1.0,0.0
4,4,16.75,1717.46,5000.0,1.0,0.0
7,7,8.571428571428571,1363.38,1916.67,1.0,0.0
8,8,4.125,2167.86,3500.0,1.0,0.0
1,1,3.0,1000.0,1000.0,1.0,0.0
3,3,4.333333333333333,2380.95,5666.67,1.0,0.0
31,30,4.838709677419355,3005.51,23500.0,1.0333,0.0323
1,1,2.0,1333.33,1333.33,1.0,0.0
9,7,4.444444444444445,3310.63,10000.0,1.2857,0.0
3,3,14.333333333333334,1556.45,3666.67,1.0,0.0
1,1,6.0,1571.43,1571.43,1.0,0.0
2,2,8.5,589.29,750.0,1.0,0.0
9,9,5.777777777777778,1922.36,4000.0,1.0,0.0
5,5,3.6,3100.0,6000.0,1.0,0.0
15,13,7.333333333333333,1560.12,5000.0,1.1538,0.0
3,3,10.0,1355.56,3000.0,1.0,0.0
7,7,4.571428571428571,1538.0,3000.0,1.0,0.0
13,13,4.153846153846154,1868.54,3500.0,1.0,0.0
8,7,6.0,1336.06,2400.0,1.1429,0.0
2,2,3.5,5812.5,11000.0,1.0,0.5
3,3,3.6666666666666665,1714.29,3000.0,1.0,0.0
9,8,9.0,1662.96,3800.0,1.125,0.0
7,7,7.142857142857143,1974.15,4750.0,1.0,0.0
23,21,5.565217391304348,1800.03,4333.33,1.0952,0.0
14,13,5.142857142857143,1426.53,3333.33,1.0769,0.0
4,4,7.0,1748.11,4000.0,1.0,0.0
2,2,6.0,984.85,1333.33,1.0,0.0
3,3,6.0,4064.1,9500.0,1.0,0.0
5,5,2.8,1426.67,3000.0,1.0,0.0
8,8,6.625,2507.62,7500.0,1.0,0.0
12,12,5.5,1353.17,3250.0,1.0,0.0
16,13,6.375,2026.15,7500.0,1.2308,0.0
5,5,9.6,1790.57,6000.0,1.0,0.0
3,3,4.333333333333333,2638.89,4000.0,1.0,0.0
14,10,5.428571428571429,1403.4,3500.0,1.4,0.0
3,3,10.0,1705.56,3200.0,1.0,0.0
2,2,6.0,1455.56,1800.0,1.0,0.0
8,8,8.625,1635.44,4333.33,1.0,0.0
3,3,6.0,1546.9,2666.67,1.0,0.0
5,5,5.4,1933.33,3250.0,1.0,0.0
12,12,5.166666666666667,1285.89,3500.0,1.0,0.0
10,10,3.1,2251.67,6500.0,1.0,0.0
5,5,11.0,1293.06,3000.0,1.0,0.0
1,1,2.0,2000.0,2000.0,1.0,0.0
8,8,4.125,2049.35,4000.0,1.0,0.0
9,8,4.444444444444445,1363.8,5000.0,1.125,0.0
5,5,6.2,1616.67,3000.0,1.0,0.0
4,4,13.75,1030.56,2750.0,1.0,0.0
3,3,3.6666666666666665,4551.59,5750.0,1.0,0.0
10,10,3.1,2252.62,5000.0,1.0,0.0
1,1,3.0,1250.0,1250.0,1.0,0.0
13,12,4.0,2174.11,13666.67,1.0833,0.0769
16,13,5.75,1600.97,4000.0,1.2308,0.0
3,3,4.666666666666667,1233.33,2200.0,1.0,0.0
3,3,3.6666666666666665,1111.11,2333.33,1.0,0.0
1,1,5.0,3000.0,3000.0,1.0,0.0
3,3,6.666666666666667,6138.89,14250.0,1.0,0.3333
2,2,4.5,1607.14,2500.0,1.0,0.0
4,4,9.0,980.28,1960.0,1.0,0.0
7,6,4.0,3323.02,6333.33,1.1667,0.0
1,1,3.0,1000.0,1000.0,1.0,0.0
1,1,7.0,625.0,625.0,1.0,0.0
9,9,8.777777777777779,1211.72,3000.0,1.0,0.0
7,7,5.285714285714286,2536.3,5000.0,1.0,0.0
4,4,3.25,1616.67,2800.0,1.0,0.0
7,7,9.142857142857142,2446.26,9000.0,1.0,0.0
5,4,3.2,1720.0,4000.0,1.25,0.0
8,8,3.5,3022.62,9000.0,1.0,0.0
2,2,2.0,4666.67,8000.0,1.0,0.0
5,5,7.4,2650.21,7125.0,1.0,0.0
9,9,6.666666666666667,1806.55,4000.0,1.0,0.0
3,2,5.0,2959.6,3545.45,1.5,0.0
5,5,4.8,2138.03,3181.82,1.0,0.0
1,1,6.0,1714.29,1714.29,1.0,0.0
3,3,3.6666666666666665,1566.67,2500.0,1.0,0.0
3,3,5.333333333333333,3773.74,5666.67,1.0,0.0
2,2,5.0,5350.0,7500.0,1.0,0.0
6,6,2.0,2291.67,7500.0,1.0,0.0
4,4,2.0,2395.83,3000.0,1.0,0.0
4,4,2.0,1250.0,3000.0,1.0,0.0
4,4,2.5,1966.67,3666.67,1.0,0.0
3,3,7.0,813.68,1333.33,1.0,0.0
2,2,4.0,2809.52,4333.33,1.0,0.0
6,5,4.166666666666667,1317.46,2000.0,1.2,0.0
9,9,5.555555555555555,2326.28,5666.67,1.0,0.0
4,3,6.25,4098.21,8142.86,1.3333,0.0
1,1,11.0,1000.0,1000.0,1.0,0.0
4,3,3.25,2645.83,4250.0,1.3333,0.0
7,5,10.857142857142858,1347.22,5111.11,1.4,0.0
13,13,7.846153846153846,1696.0,5142.86,1.0,0.0
3,3,8.333333333333334,1011.11,1333.33,1.0,0.0
7,7,4.857142857142857,1488.89,4200.0,1.0,0.0
14,14,6.142857142857143,2065.98,5200.0,1.0,0.0
2,2,3.5,7250.0,12500.0,1.0,0.5
3,3,17.0,1022.22,1666.67,1.0,0.0
2,2,2.5,3100.0,5000.0,1.0,0.0
3,3,3.3333333333333335,1083.33,2000.0,1.0,0.0
3,3,3.6666666666666665,1222.22,2000.0,1.0,0.0
11,11,6.2727272727272725,2568.46,14142.86,1.0,0.0909
6,6,6.833333333333333,2767.06,8166.67,1.0,0.0
7,7,4.285714285714286,1492.86,2333.33,1.0,0.0
1,1,6.0,3428.57,3428.57,1.0,0.0
1,1,7.0,750.0,750.0,1.0,0.0
7,7,4.285714285714286,4736.13,14000.0,1.0,0.1429
4,4,3.0,1238.1,1666.67,1.0,0.0
4,4,3.5,2302.08,3333.33,1.0,0.0
1,1,2.0,3333.33,3333.33,1.0,0.0
4,4,4.25,2012.5,4166.67,1.0,0.0
5,5,4.8,2169.29,5571.43,1.0,0.0
3,3,4.333333333333333,1055.56,1666.67,1.0,0.0
1,1,5.0,2333.33,2333.33,1.0,0.0
2,2,2.5,1458.33,1666.67,1.0,0.0
1,1,6.0,428.57,428.57,1.0,0.0
1,1,3.0,4500.0,4500.0,1.0,0.0
4,4,7.0,2871.0,6333.33,1.0,0.0
1,1,5.0,2666.67,2666.67,1.0,0.0
2,2,4.5,1861.11,2500.0,1.0,0.0
1,1,1.0,9500.0,9500.0,1.0,0.0
2,2,4.0,2300.0,3600.0,1.0,0.0
9,8,5.444444444444445,1766.84,4500.0,1.125,0.0
9,7,5.888888888888889,1178.76,3000.0,1.2857,0.0
2,2,5.0,1442.86,2285.71,1.0,0.0
1,1,3.0,1000.0,1000.0,1.0,0.0
3,3,17.0,927.78,1583.33,1.0,0.0
2,2,2.5,1150.0,2200.0,1.0,0.0
1,1,17.0,33.33,33.33,1.0,0.0
1,1,17.0,833.33,833.33,1.0,0.0
4,4,5.75,1052.88,1461.54,1.0,0.0
6,6,4.166666666666667,2350.0,7500.0,1.0,0.0
1,1,5.0,833.33,833.33,1.0,0.0
3,3,4.666666666666667,1833.33,2000.0,1.0,0.0
3,3,5.0,1228.17,2666.67,1.0,0.0
2,2,2.0,1875.0,2500.0,1.0,0.0
3,3,12.666666666666666,3361.11,7500.0,1.0,0.0
4,2,1.5,2229.17,4000.0,2.0,0.0
2,2,4.5,1516.67,1833.33,1.0,0.0
3,3,3.3333333333333335,500.0,1500.0,1.0,0.0
7,7,5.428571428571429,2506.71,4333.33,1.0,0.0
7,7,4.285714285714286,976.53,1750.0,1.0,0.0
4,4,5.0,3616.07,11000.0,1.0,0.25
2,2,3.0,5250.0,6000.0,1.0,0.0
3,3,8.0,1110.04,1666.67,1.0,0.0
1,1,0.0,5000.0,5000.0,1.0,0.0
1,1,1.0,5000.0,5000.0,1.0,0.0
1,1,5.0,1166.67,1166.67,1.0,0.0
2,2,5.0,3611.11,4000.0,1.0,0.0
2,2,3.0,1166.67,1500.0,1.0,0.0
2,2,4.5,1350.0,1500.0,1.0,0.0
3,3,4.333333333333333,1520.2,2500.0,1.0,0.0
4,4,4.5,3531.94,9600.0,1.0,0.0
5,3,6.2,1430.0,3375.0,1.6667,0.0
6,6,3.1666666666666665,1575.0,2600.0,1.0,0.0
2,2,3.5,1100.0,1200.0,1.0,0.0
3,3,9.333333333333334,922.22,1666.67,1.0,0.0
7,6,4.714285714285714,1813.06,4333.33,1.1667,0.0
1,1,3.0,750.0,750.0,1.0,0.0
2,2,3.5,1535.71,2500.0,1.0,0.0
2,2,7.0,1291.67,1750.0,1.0,0.0
1,1,10.0,2272.73,2272.73,1.0,0.0
5,5,4.6,1638.1,3000.0,1.0,0.0
3,3,7.333333333333333,1722.22,2750.0,1.0,0.0
1,1,7.0,1250.0,1250.0,1.0,0.0
7,7,4.142857142857143,1495.56,3500.0,1.0,0.0
2,2,8.0,916.67,1166.67,1.0,0.0
3,3,3.6666666666666665,1744.44,2400.0,1.0,0.0
5,3,6.4,2537.61,4833.33,1.6667,0.0
1,1,3.0,2500.0,2500.0,1.0,0.0
5,5,4.2,2200.0,3333.33,1.0,0.0
1,1,15.0,1437.5,1437.5,1.0,0.0
5,5,4.0,1116.67,1333.33,1.0,0.0
2,2,2.5,3625.0,5000.0,1.0,0.0
1,1,2.0,3000.0,3000.0,1.0,0.0
5,4,4.0,1640.48,4666.67,1.25,0.0
4,4,6.25,5982.14,19000.0,1.0,0.25
2,2,8.0,958.33,1166.67,1.0,0.0
2,1,4.5,1321.43,2500.0,2.0,0.0
1,1,1.0,5500.0,5500.0,1.0,0.0
1,1,6.0,1714.29,1714.29,1.0,0.0
1,1,7.0,750.0,750.0,1.0,0.0
1,1,7.0,1500.0,1500.0,1.0,0.0
1,1,3.0,1500.0,1500.0,1.0,0.0
2,2,2.0,1875.0,3000.0,1.0,0.0
2,2,4.0,3333.33,4666.67,1.0,0.0
1,1,5.0,333.33,333.33,1.0,0.0
3,3,5.666666666666667,3362.43,8142.86,1.0,0.0
1,1,3.0,1000.0,1000.0,1.0,0.0
1,1,4.0,3200.0,3200.0,1.0,0.0
2,2,4.5,1285.71,1571.43,1.0,0.0
2,2,4.0,1041.67,1250.0,1.0,0.0
1,1,9.0,300.0,300.0,1.0,0.0
2,2,2.5,3600.0,7000.0,1.0,0.0
1,1,3.0,2000.0,2000.0,1.0,0.0
1,1,4.0,800.0,800.0,1.0,0.0
1,1,28.0,310.34,310.34,1.0,0.0
1,1,10.0,1545.45,1545.45,1.0,0.0
2,2,4.5,3821.43,4142.86,1.0,0.0
1,1,2.0,2000.0,2000.0,1.0,0.0
1,1,2.0,1333.33,1333.33,1.0,0.0
1,1,18.0,52.63,52.63,1.0,0.0
1,1,2.0,666.67,666.67,1.0,0.0
2,2,3.5,2357.14,4000.0,1.0,0.0
1,1,2.0,1666.67,1666.67,1.0,0.0
1,1,8.0,333.33,333.33,1.0,0.0
2,2,3.5,1166.67,1666.67,1.0,0.0
1,1,1.0,5500.0,5500.0,1.0,0.0
2,2,19.0,847.22,1500.0,1.0,0.0
1,1,19.0,2850.0,2850.0,1.0,0.0
2,2,6.0,800.0,1000.0,1.0,0.0
1,1,6.0,571.43,571.43,1.0,0.0
1,1,3.0,750.0,750.0,1.0,0.0
1,1,5.0,1666.67,1666.67,1.0,0.0
130,113,5.653846153846154,1836.86,17000.0,1.1504,0.0154
38,28,5.684210526315789,1924.03,11500.0,1.3571,0.0263
47,43,6.595744680851064,1709.55,8000.0,1.093,0.0
11,10,3.272727272727273,2202.92,3500.0,1.1,0.0
37,28,6.756756756756757,1713.59,5000.0,1.3214,0.0
7,7,4.285714285714286,2690.48,8833.33,1.0,0.0
39,30,4.717948717948718,2063.06,8000.0,1.3,0.0
53,47,4.773584905660377,2057.41,7500.0,1.1277,0.0
18,17,6.944444444444445,2346.47,6000.0,1.0588,0.0
3,3,3.0,1595.24,2000.0,1.0,0.0
2,2,4.5,1750.0,2000.0,1.0,0.0
20,14,6.5,1952.16,5000.0,1.4286,0.0
39,34,4.923076923076923,2012.41,6000.0,1.1471,0.0
46,45,5.586956521739131,2462.64,26666.67,1.0222,0.0435
34,33,4.029411764705882,2391.14,7000.0,1.0303,0.0
12,12,4.333333333333333,3871.3,34000.0,1.0,0.0833
17,17,5.0588235294117645,1880.66,4454.55,1.0,0.0
9,7,2.7777777777777777,2335.32,4500.0,1.2857,0.0
8,8,6.0,1801.26,5666.67,1.0,0.0
16,16,4.75,2339.15,6000.0,1.0,0.0
7,7,2.7142857142857144,2440.48,5000.0,1.0,0.0
322,279,5.372670807453416,1962.54,18000.0,1.1541,0.0093
49,47,5.918367346938775,1807.99,15000.0,1.0426,0.0204
44,36,4.818181818181818,2385.85,19500.0,1.2222,0.0455
7,6,7.428571428571429,2063.49,5500.0,1.1667,0.0
105,91,6.247619047619048,2017.09,14500.0,1.1538,0.0095
6,5,9.666666666666666,1036.11,2000.0,1.2,0.0
88,81,4.965909090909091,2592.58,21500.0,1.0864,0.0341
10,10,9.4,1346.99,4500.0,1.0,0.0
1,1,3.0,750.0,750.0,1.0,0.0
7,7,3.857142857142857,2221.43,6000.0,1.0,0.0
15,13,8.2,1410.95,3200.0,1.1538,0.0
7,7,6.857142857142857,1421.77,2750.0,1.0,0.0
114,99,5.157894736842105,1975.98,9000.0,1.1515,0.0
24,21,5.833333333333333,1835.41,8500.0,1.1429,0.0
84,59,6.773809523809524,1753.61,7466.67,1.4237,0.0
4,4,7.0,2987.5,8500.0,1.0,0.0
32,28,5.8125,1491.24,5000.0,1.1429,0.0
6,6,5.0,1804.56,4000.0,1.0,0.0
31,31,7.161290322580645,1940.23,6333.33,1.0,0.0
117,98,4.7094017094017095,1992.25,19500.0,1.1939,0.0085
32,30,4.5625,2290.38,10500.0,1.0667,0.0313
56,48,4.428571428571429,2051.98,17500.0,1.1667,0.0179
82,80,5.353658536585366,2279.45,20000.0,1.025,0.0244
3,3,2.6666666666666665,3055.56,5000.0,1.0,0.0
20,18,4.5,2399.39,8000.0,1.1111,0.0
39,37,5.897435897435898,2054.76,9000.0,1.0541,0.0
21,15,5.142857142857143,1904.2,7500.0,1.4,0.0
47,45,5.638297872340425,2524.53,32000.0,1.0444,0.0426
133,118,6.631578947368421,1983.56,18000.0,1.1271,0.0226
3,3,9.666666666666666,1994.44,4000.0,1.0,0.0
119,108,6.571428571428571,2044.94,12166.67,1.1019,0.0168
53,52,5.69811320754717,1655.79,7400.0,1.0192,0.0
181,153,5.762430939226519,1875.42,16400.0,1.183,0.011
10,9,7.0,1567.65,3133.33,1.1111,0.0
43,39,6.0,1787.03,9600.0,1.1026,0.0
66,54,4.9393939393939394,2198.42,28500.0,1.2222,0.0303
56,55,4.875,2297.36,23000.0,1.0182,0.0179
24,24,3.8333333333333335,2373.46,10666.67,1.0,0.0417
15,14,3.933333333333333,3062.59,16500.0,1.0714,0.0667
24,24,5.833333333333333,2074.84,13500.0,1.0,0.0417
193,170,5.787564766839378,1990.03,16000.0,1.1353,0.0155
30,27,4.733333333333333,2024.44,6200.0,1.1111,0.0
46,46,5.456521739130435,1696.65,7666.67,1.0,0.0
52,43,5.884615384615385,1541.16,4333.33,1.2093,0.0
9,9,4.444444444444445,2590.61,7000.0,1.0,0.0
13,13,5.0,1987.67,4250.0,1.0,0.0
22,22,4.909090909090909,2526.72,10000.0,1.0,0.0
8,8,6.875,2342.28,7600.0,1.0,0.0
18,18,4.277777777777778,4095.41,15000.0,1.0,0.1111
8,8,3.375,4738.39,16857.14,1.0,0.125
17,16,5.647058823529412,2553.45,7666.67,1.0625,0.0
14,13,6.428571428571429,1896.74,6600.0,1.0769,0.0
23,20,8.173913043478262,1605.7,7333.33,1.15,0.0
18,17,6.333333333333333,1692.97,5250.0,1.0588,0.0
3,3,3.3333333333333335,2857.14,3666.67,1.0,0.0
48,45,5.729166666666667,1984.99,11666.67,1.0667,0.0208
275,243,5.341818181818182,1991.21,28500.0,1.1317,0.0145
143,139,5.538461538461538,1937.78,8750.0,1.0288,0.0
28,27,4.142857142857143,2294.18,19333.33,1.037,0.0357
15,15,4.066666666666666,1598.04,4333.33,1.0,0.0
14,13,5.428571428571429,2277.24,8750.0,1.0769,0.0
30,28,5.1,2088.61,11000.0,1.0714,0.0333
29,24,6.137931034482759,1709.13,5666.67,1.2083,0.0
9,9,3.888888888888889,3380.95,6500.0,1.0,0.0
2,2,2.5,950.0,1500.0,1.0,0.0
29,25,4.172413793103448,2716.04,28500.0,1.16,0.0345
6,6,7.0,1476.19,2750.0,1.0,0.0
31,27,7.258064516129032,1514.2,4000.0,1.1481,0.0
161,125,5.937888198757764,2023.57,27000.0,1.288,0.0124
90,87,5.655555555555556,2027.85,14250.0,1.0345,0.0222
8,8,7.25,2318.34,9000.0,1.0,0.0
25,25,4.36,2189.59,10333.33,1.0,0.04
5,3,8.8,1757.58,3000.0,1.6667,0.0
64,60,5.890625,2408.39,16000.0,1.0667,0.0313
19,18,5.052631578947368,2337.14,7000.0,1.0556,0.0
23,18,3.5652173913043477,3113.41,10000.0,1.2778,0.0
33,28,5.515151515151516,2492.05,7000.0,1.1786,0.0
13,12,7.0,1260.24,3000.0,1.0833,0.0
30,23,6.033333333333333,1827.91,5166.67,1.3043,0.0
121,92,5.768595041322314,2056.32,14666.67,1.3152,0.0248
37,30,4.702702702702703,2092.29,11000.0,1.2333,0.027
39,35,5.564102564102564,1855.39,8000.0,1.1143,0.0
5,5,4.8,966.67,1500.0,1.0,0.0
18,16,7.611111111111111,1557.18,4750.0,1.125,0.0
15,14,7.066666666666666,1808.42,5666.67,1.0714,0.0
13,12,4.615384615384615,1222.34,2500.0,1.0833,0.0
10,9,5.9,2077.38,9000.0,1.1111,0.0
18,17,5.388888888888889,3023.85,14000.0,1.0588,0.0556
19,19,5.157894736842105,1911.47,4666.67,1.0,0.0
27,24,5.407407407407407,2013.67,15500.0,1.125,0.037
17,14,5.0588235294117645,2342.2,10000.0,1.2143,0.0
26,25,5.961538461538462,2182.46,11250.0,1.04,0.0385
9,8,8.11111111111111,1132.48,3000.0,1.125,0.0
24,22,5.958333333333333,1596.24,4666.67,1.0909,0.0
71,62,5.464788732394366,2378.34,10285.71,1.1452,0.0141
14,13,5.714285714285714,2055.79,4250.0,1.0769,0.0
6,6,7.666666666666667,1148.15,3500.0,1.0,0.0
2,2,10.0,1319.44,1388.89,1.0,0.0
6,6,4.333333333333333,1175.0,2500.0,1.0,0.0
16,16,4.625,2004.36,4000.0,1.0,0.0
86,85,6.383720930232558,2149.76,13000.0,1.0118,0.0349
36,34,6.694444444444445,1844.67,8500.0,1.0588,0.0
29,28,5.206896551724138,2301.36,10000.0,1.0357,0.0
196,162,4.974489795918367,2301.03,20000.0,1.2099,0.0102
10,10,5.4,1432.38,3500.0,1.0,0.0
1,1,19.0,350.0,350.0,1.0,0.0
12,12,4.916666666666667,2633.31,7600.0,1.0,0.0
3,3,3.0,3100.0,4800.0,1.0,0.0
14,12,4.357142857142857,2019.22,10000.0,1.1667,0.0
18,15,9.166666666666666,1750.26,6666.67,1.2,0.0
32,30,5.25,1753.53,5500.0,1.0667,0.0
19,19,9.368421052631579,1262.42,3333.33,1.0,0.0
18,18,6.611111111111111,1571.14,5000.0,1.0,0.0
9,9,4.111111111111111,2370.37,6000.0,1.0,0.0
58,58,5.206896551724138,1929.19,7000.0,1.0,0.0
8,8,7.625,1367.53,2666.67,1.0,0.0
11,10,5.545454545454546,1940.53,5000.0,1.1,0.0
18,18,7.388888888888889,3303.43,29000.0,1.0,0.0556
19,19,5.842105263157895,1772.31,3250.0,1.0,0.0
10,10,6.7,1368.94,4000.0,1.0,0.0
49,47,6.224489795918367,1829.66,5000.0,1.0426,0.0
17,17,5.705882352941177,2320.86,18500.0,1.0,0.0588
42,39,5.333333333333333,1965.73,5500.0,1.0769,0.0
12,12,8.833333333333334,1338.06,3625.0,1.0,0.0
23,21,5.565217391304348,2492.47,8666.67,1.0952,0.0
12,11,4.166666666666667,1766.59,6500.0,1.0909,0.0
7,6,3.7142857142857144,2296.83,6000.0,1.1667,0.0
5,5,9.6,1806.84,6000.0,1.0,0.0
7,7,3.857142857142857,2258.5,4750.0,1.0,0.0
46,39,5.913043478260869,2010.58,13166.67,1.1795,0.0435
32,24,6.625,1612.71,8500.0,1.3333,0.0
67,54,6.029850746268656,1504.55,6000.0,1.2407,0.0
24,22,7.916666666666667,1688.91,9000.0,1.0909,0.0
12,10,4.083333333333333,2225.4,8500.0,1.2,0.0
14,13,4.642857142857143,2042.14,18000.0,1.0769,0.0714
115,95,6.539130434782609,1969.03,10000.0,1.2105,0.0
69,55,5.811594202898551,2266.79,18250.0,1.2545,0.0145
29,26,5.862068965517241,1919.67,7500.0,1.1154,0.0
6,6,4.5,1372.02,4000.0,1.0,0.0
11,11,5.636363636363637,2654.98,10500.0,1.0,0.0909
45,39,5.266666666666667,1860.1,17000.0,1.1538,0.0222
7,7,4.285714285714286,1642.86,3000.0,1.0,0.0
76,72,5.447368421052632,1742.57,8500.0,1.0556,0.0
31,24,3.806451612903226,2058.52,12500.0,1.2917,0.0323
47,45,5.0638297872340425,2880.58,36500.0,1.0444,0.0213
132,126,6.295454545454546,2127.92,17333.33,1.0476,0.0227
36,36,6.111111111111111,1741.1,4500.0,1.0,0.0
4,4,9.25,842.17,1200.0,1.0,0.0
1,1,11.0,833.33,833.33,1.0,0.0
19,19,4.578947368421052,2898.61,18000.0,1.0,0.0526
15,13,5.266666666666667,1909.17,9250.0,1.1538,0.0
4,4,2.25,2958.33,7000.0,1.0,0.0
2,2,2.0,1333.33,1333.33,1.0,0.0
16,13,5.9375,1885.95,6333.33,1.2308,0.0
115,107,5.139130434782609,2291.01,14833.33,1.0748,0.0348
1,1,3.0,2250.0,2250.0,1.0,0.0
8,8,7.125,1679.55,4000.0,1.0,0.0
24,21,5.916666666666667,1322.7,4750.0,1.1429,0.0
17,17,4.0588235294117645,3120.03,21000.0,1.0,0.0588
1,1,8.0,888.89,888.89,1.0,0.0
36,33,4.638888888888889,2116.59,8000.0,1.0909,0.0
19,19,6.2631578947368425,1704.28,6000.0,1.0,0.0
8,8,6.25,3681.55,16000.0,1.0,0.125
6,6,5.166666666666667,2998.68,6000.0,1.0,0.0
8,7,4.5,2886.11,9500.0,1.1429,0.0
40,31,5.25,1750.76,6000.0,1.2903,0.0
10,10,5.0,1127.78,2000.0,1.0,0.0
112,103,5.866071428571429,1682.7,9333.33,1.0874,0.0
13,13,10.846153846153847,1093.21,4000.0,1.0,0.0
161,155,5.285714285714286,2102.52,16200.0,1.0387,0.0124
223,207,5.677130044843049,1734.81,19000.0,1.0773,0.0045
21,20,5.809523809523809,2642.95,12750.0,1.05,0.0476
11,11,4.818181818181818,1876.55,6500.0,1.0,0.0
7,7,2.857142857142857,2645.24,7000.0,1.0,0.0
60,60,5.566666666666666,2485.51,12000.0,1.0,0.0333
17,16,6.588235294117647,1880.67,4500.0,1.0625,0.0
5,5,8.8,641.73,1250.0,1.0,0.0
27,26,5.888888888888889,1785.35,8000.0,1.0385,0.0
17,17,7.235294117647059,1388.38,3600.0,1.0,0.0
7,7,5.285714285714286,1606.04,2500.0,1.0,0.0
3,3,4.666666666666667,1206.35,1500.0,1.0,0.0
45,45,4.911111111111111,1907.03,5250.0,1.0,0.0
16,16,5.75,1552.68,4571.43,1.0,0.0
9,9,3.3333333333333335,2296.3,6500.0,1.0,0.0
63,60,5.158730158730159,2024.33,16333.33,1.05,0.0159
6,6,7.333333333333333,3410.42,12500.0,1.0,0.1667
131,120,5.67175572519084,1790.92,28500.0,1.0917,0.0076
75,70,5.28,2346.31,21000.0,1.0714,0.0133
29,23,5.827586206896552,2229.26,20500.0,1.2609,0.0345
14,12,6.071428571428571,1544.38,8000.0,1.1667,0.0
21,19,5.571428571428571,2409.29,9000.0,1.1053,0.0
14,14,5.214285714285714,2046.97,8142.86,1.0,0.0
8,8,4.0,1466.96,3800.0,1.0,0.0
6,5,4.0,2557.94,7000.0,1.2,0.0
6,6,4.333333333333333,2338.1,4571.43,1.0,0.0
9,9,7.666666666666667,1642.33,3428.57,1.0,0.0
41,35,4.975609756097561,1280.27,3333.33,1.1714,0.0
13,12,4.230769230769231,1697.6,5000.0,1.0833,0.0
38,33,6.473684210526316,1864.99,15333.33,1.1515,0.0263
28,27,7.607142857142857,2351.23,20000.0,1.037,0.0357
7,7,4.714285714285714,2102.04,6500.0,1.0,0.0
7,7,7.857142857142857,2111.48,6333.33,1.0,0.0
14,12,5.571428571428571,4363.05,17857.14,1.1667,0.0714
8,8,3.375,2298.96,6000.0,1.0,0.0
3,3,5.0,901.52,1250.0,1.0,0.0
7,7,7.714285714285714,2370.84,5500.0,1.0,0.0
1,1,8.0,1555.56,1555.56,1.0,0.0
11,10,4.7272727272727275,2419.21,8000.0,1.1,0.0
15,13,4.733333333333333,2250.01,6000.0,1.1538,0.0
12,12,5.75,2357.66,10500.0,1.0,0.0833
21,18,3.1904761904761907,1691.55,4000.0,1.1667,0.0
5,4,5.0,2588.89,5000.0,1.25,0.0
7,5,3.2857142857142856,4547.62,13000.0,1.4,0.1429
13,13,8.0,1633.33,2166.67,1.0,0.0
8,8,4.875,1552.33,3500.0,1.0,0.0
8,7,8.125,2764.88,10333.33,1.1429,0.125
12,12,4.166666666666667,1904.56,3666.67,1.0,0.0
14,13,6.571428571428571,1455.04,3352.94,1.0769,0.0
5,5,6.2,1666.67,2500.0,1.0,0.0
1,1,8.0,777.78,777.78,1.0,0.0
3,2,5.666666666666667,1193.65,1666.67,1.5,0.0
2,2,2.5,1833.33,2000.0,1.0,0.0
35,25,4.485714285714286,1557.33,5200.0,1.4,0.0
4,4,2.75,2145.83,5000.0,1.0,0.0
9,9,6.777777777777778,4446.36,15500.0,1.0,0.1111
4,4,9.5,2157.47,4071.43,1.0,0.0
13,11,4.769230769230769,1651.55,5250.0,1.1818,0.0
4,3,7.0,1453.3,3500.0,1.3333,0.0
18,18,3.2222222222222223,1648.61,6000.0,1.0,0.0
7,6,8.142857142857142,1632.42,5181.82,1.1667,0.0
3,2,2.6666666666666665,5305.56,8666.67,1.5,0.0
3,3,5.0,966.67,1600.0,1.0,0.0
10,10,7.4,1498.75,3875.0,1.0,0.0
10,8,5.0,2033.61,7000.0,1.25,0.0
14,12,5.214285714285714,1614.13,3166.67,1.1667,0.0
14,14,7.357142857142857,1461.17,5000.0,1.0,0.0
4,3,7.25,2062.88,4666.67,1.3333,0.0
3,3,4.333333333333333,2397.22,4666.67,1.0,0.0
7,7,8.285714285714286,3186.13,6250.0,1.0,0.0
10,10,6.5,2093.1,7500.0,1.0,0.0
10,10,5.0,2400.12,8000.0,1.0,0.0
10,9,6.8,2046.83,5500.0,1.1111,0.0
2,2,4.0,2312.5,3125.0,1.0,0.0
15,12,5.2,1350.4,3714.29,1.25,0.0
3,3,11.666666666666666,1176.19,2428.57,1.0,0.0
3,3,5.0,2505.29,6500.0,1.0,0.0
8,7,3.75,1747.92,4500.0,1.1429,0.0
100,96,6.15,1812.21,9000.0,1.0417,0.0
10,9,5.7,1397.54,4900.0,1.1111,0.0
4,4,3.75,964.29,1000.0,1.0,0.0
3,3,20.0,1095.0,2125.0,1.0,0.0
6,6,8.166666666666666,1864.13,3333.33,1.0,0.0
16,13,4.8125,1699.14,6500.0,1.2308,0.0
9,8,6.0,1741.73,3571.43,1.125,0.0
5,5,4.6,1408.1,2750.0,1.0,0.0
20,19,9.15,1289.12,6250.0,1.0526,0.0
2,2,3.5,1225.0,2200.0,1.0,0.0
14,14,7.5,1601.94,8000.0,1.0,0.0
11,11,4.363636363636363,2127.22,6400.0,1.0,0.0
5,5,7.0,5836.67,25500.0,1.0,0.2
5,5,14.8,2016.81,3400.0,1.0,0.0
6,5,6.666666666666667,2193.53,4666.67,1.2,0.0
4,4,2.75,1981.67,6000.0,1.0,0.0
7,7,3.142857142857143,1633.33,4500.0,1.0,0.0
1,1,8.0,1555.56,1555.56,1.0,0.0
37,28,6.081081081081081,1785.32,7000.0,1.3214,0.0
5,5,4.8,2294.29,8500.0,1.0,0.0
3,3,3.0,1866.67,3800.0,1.0,0.0
12,12,6.0,3173.15,15800.0,1.0,0.0833
12,11,4.416666666666667,1493.29,3750.0,1.0909,0.0
1,1,14.0,1466.67,1466.67,1.0,0.0
9,9,4.444444444444445,1561.9,4333.33,1.0,0.0
7,6,4.285714285714286,1774.15,3800.0,1.1667,0.0
21,20,5.285714285714286,1335.09,3333.33,1.05,0.0
25,23,6.88,2515.38,6500.0,1.087,0.0
12,11,4.0,4039.17,23500.0,1.0909,0.0833
18,18,5.166666666666667,2629.49,20500.0,1.0,0.0556
22,21,3.590909090909091,1867.1,7000.0,1.0476,0.0
5,5,8.4,1380.95,2500.0,1.0,0.0
7,7,4.571428571428571,1416.67,4750.0,1.0,0.0
21,18,6.571428571428571,1888.22,11500.0,1.1667,0.0476
24,22,6.041666666666667,2258.33,13250.0,1.0909,0.0417
6,6,4.833333333333333,4281.25,10000.0,1.0,0.0
12,11,3.5833333333333335,2901.98,5800.0,1.0909,0.0
4,4,5.0,1888.64,3500.0,1.0,0.0
10,10,7.9,3090.58,8000.0,1.0,0.0
15,12,7.066666666666666,1818.92,3000.0,1.25,0.0
41,38,7.365853658536586,2378.07,19000.0,1.0789,0.0244
13,13,4.615384615384615,3512.5,18400.0,1.0,0.0769
2,2,18.5,1652.78,2333.33,1.0,0.0
30,27,6.8,1931.68,6000.0,1.1111,0.0
15,15,7.0,1655.5,4500.0,1.0,0.0
11,11,5.363636363636363,1554.55,5750.0,1.0,0.0
2,2,4.0,1583.33,2500.0,1.0,0.0
5,5,4.2,2305.0,3666.67,1.0,0.0
12,12,5.583333333333333,2597.24,9500.0,1.0,0.0
1,1,1.0,2500.0,2500.0,1.0,0.0
8,8,4.625,2172.62,5666.67,1.0,0.0
6,5,4.166666666666667,1821.43,3000.0,1.2,0.0
1,1,7.0,1750.0,1750.0,1.0,0.0
6,6,3.8333333333333335,1897.44,5000.0,1.0,0.0
3,3,5.333333333333333,2175.0,3500.0,1.0,0.0
9,9,4.777777777777778,2579.1,6000.0,1.0,0.0
9,9,3.0,2056.48,6166.67,1.0,0.0
2,2,11.0,452.38,666.67,1.0,0.0
5,5,4.8,1303.81,2500.0,1.0,0.0
17,16,6.235294117647059,2020.31,5000.0,1.0625,0.0
6,6,6.5,3182.67,13833.33,1.0,0.1667
7,7,6.285714285714286,1938.18,4000.0,1.0,0.0
5,3,6.4,1017.93,1666.67,1.6667,0.0
9,9,5.222222222222222,1321.1,2500.0,1.0,0.0
11,8,5.818181818181818,1751.7,3333.33,1.375,0.0
4,4,6.75,1699.4,3142.86,1.0,0.0
12,10,3.8333333333333335,1185.52,2600.0,1.2,0.0
21,16,5.0,1962.18,8600.0,1.3125,0.0
4,3,11.75,1607.14,3333.33,1.3333,0.0
11,11,4.090909090909091,2175.58,5000.0,1.0,0.0
2,2,2.5,4916.67,7333.33,1.0,0.0
9,8,4.666666666666667,1362.43,2250.0,1.125,0.0
1,1,4.0,600.0,600.0,1.0,0.0
4,4,4.5,1676.67,3000.0,1.0,0.0
7,7,5.142857142857143,1722.12,3750.0,1.0,0.0
6,6,4.5,2255.95,8000.0,1.0,0.0
5,5,6.2,1728.57,4500.0,1.0,0.0
1,1,5.0,0.0,0.0,1.0,0.0
8,8,8.0,2161.67,6000.0,1.0,0.0
3,3,3.3333333333333335,1133.33,2200.0,1.0,0.0
4,4,12.25,1178.57,4500.0,1.0,0.0
3,3,2.3333333333333335,1888.89,3000.0,1.0,0.0
5,5,5.4,1846.43,2857.14,1.0,0.0
2,2,4.5,1178.57,1500.0,1.0,0.0
4,4,1.75,1770.83,3000.0,1.0,0.0
8,6,4.125,1629.33,2384.62,1.3333,0.0
11,11,3.909090909090909,2918.61,14000.0,1.0,0.0909
3,3,11.333333333333334,2044.44,3666.67,1.0,0.0
9,9,5.333333333333333,1722.72,4500.0,1.0,0.0
5,5,4.2,837.14,1833.33,1.0,0.0
4,4,8.75,1257.41,1629.63,1.0,0.0
7,7,10.857142857142858,1048.27,2250.0,1.0,0.0
10,10,8.5,1574.95,6333.33,1.0,0.0
3,2,9.0,902.78,1333.33,1.5,0.0
30,27,7.5,1463.32,6000.0,1.1111,0.0
17,17,6.352941176470588,1260.96,3000.0,1.0,0.0
20,18,5.8,2327.33,12666.67,1.1111,0.05
5,5,6.8,1128.33,3125.0,1.0,0.0
12,11,7.416666666666667,1701.07,7800.0,1.0909,0.0
7,6,5.714285714285714,1690.02,4666.67,1.1667,0.0
15,14,6.6,1940.32,4000.0,1.0714,0.0
7,6,6.142857142857143,1339.46,5600.0,1.1667,0.0
4,4,12.25,939.68,1444.44,1.0,0.0
16,16,6.75,1640.29,4750.0,1.0,0.0
3,3,5.666666666666667,2722.22,5166.67,1.0,0.0
7,7,3.5714285714285716,1615.48,2750.0,1.0,0.0
3,3,3.0,2750.0,3000.0,1.0,0.0
8,6,5.75,898.96,2333.33,1.3333,0.0
4,3,4.5,1471.59,3000.0,1.3333,0.0
4,4,9.25,1268.15,1818.18,1.0,0.0
1,1,4.0,600.0,600.0,1.0,0.0
5,5,5.4,1800.0,2750.0,1.0,0.0
4,4,5.5,1281.25,2600.0,1.0,0.0
5,5,4.4,2943.33,5666.67,1.0,0.0
13,12,9.692307692307692,1341.97,3500.0,1.0833,0.0
5,4,7.2,986.61,1600.0,1.25,0.0
1,1,12.0,538.46,538.46,1.0,0.0
10,9,6.4,1558.8,3750.0,1.1111,0.0
8,8,4.875,2649.61,5571.43,1.0,0.0
6,6,3.6666666666666665,2608.55,5500.0,1.0,0.0
8,8,3.375,3916.67,15500.0,1.0,0.125
9,9,6.222222222222222,2412.7,8000.0,1.0,0.0
19,19,5.421052631578948,1472.4,3750.0,1.0,0.0
6,6,4.0,2370.2,4600.0,1.0,0.0
1,1,3.0,750.0,750.0,1.0,0.0
5,5,4.4,1176.67,2500.0,1.0,0.0
2,2,11.0,1318.18,2000.0,1.0,0.0
8,7,6.875,2093.75,4666.67,1.1429,0.0
10,10,7.8,1479.29,3333.33,1.0,0.0
6,6,4.0,788.1,2000.0,1.0,0.0
4,4,2.5,1583.33,2500.0,1.0,0.0
6,6,7.833333333333333,2603.97,6600.0,1.0,0.0
5,5,4.2,653.97,1714.29,1.0,0.0
7,6,5.571428571428571,1819.05,3000.0,1.1667,0.0
11,7,5.454545454545454,1254.13,2857.14,1.5714,0.0
6,6,5.833333333333333,1364.81,2333.33,1.0,0.0
1,1,2.0,4666.67,4666.67,1.0,0.0
8,5,4.875,1466.67,3500.0,1.6,0.0
3,3,6.0,966.67,1800.0,1.0,0.0
5,5,3.8,1366.67,2750.0,1.0,0.0
4,4,2.75,1604.17,2500.0,1.0,0.0
3,3,2.0,1861.11,2750.0,1.0,0.0
2,2,1.5,11250.0,20500.0,1.0,0.5
8,8,13.625,1569.71,6000.0,1.0,0.0
6,5,8.0,1384.39,2500.0,1.2,0.0
5,5,4.4,1818.89,3500.0,1.0,0.0
5,5,5.8,1629.76,3125.0,1.0,0.0
2,2,3.5,1700.0,2400.0,1.0,0.0
3,2,5.666666666666667,1010.26,1800.0,1.5,0.0
8,8,5.375,1977.78,3500.0,1.0,0.0
7,6,5.714285714285714,3388.32,9000.0,1.1667,0.0
9,8,2.888888888888889,3516.14,9000.0,1.125,0.0
3,3,3.3333333333333335,969.05,1857.14,1.0,0.0
5,5,4.8,1645.0,3000.0,1.0,0.0
8,8,2.875,1778.13,3000.0,1.0,0.0
1,1,3.0,1000.0,1000.0,1.0,0.0
7,7,5.0,2673.55,5000.0,1.0,0.0
21,17,8.380952380952381,2068.83,11800.0,1.2353,0.0476
3,3,2.6666666666666665,1950.0,3000.0,1.0,0.0
3,3,13.666666666666666,10744.44,30333.33,1.0,0.3333
1,1,3.0,1500.0,1500.0,1.0,0.0
3,3,2.6666666666666665,5755.56,15666.67,1.0,0.3333
2,2,1.0,4333.33,7000.0,1.0,0.0
10,9,4.4,1912.38,2666.67,1.1111,0.0
2,2,2.0,625.0,1250.0,1.0,0.0
6,6,6.166666666666667,1726.19,3333.33,1.0,0.0
5,5,4.8,1575.0,3000.0,1.0,0.0
7,7,7.857142857142857,1256.9,3000.0,1.0,0.0
2,2,4.5,1916.67,2833.33,1.0,0.0
6,6,3.3333333333333335,2220.24,5750.0,1.0,0.0
4,4,13.25,2749.1,8142.86,1.0,0.0
3,3,9.333333333333334,1545.45,2500.0,1.0,0.0
2,2,4.0,2250.0,3500.0,1.0,0.0
1,1,9.0,500.0,500.0,1.0,0.0
1,1,3.0,3750.0,3750.0,1.0,0.0
2,2,2.5,1650.0,2500.0,1.0,0.0
5,4,3.8,3070.0,9000.0,1.25,0.0
4,4,5.5,3487.5,6500.0,1.0,0.0
1,1,2.0,3333.33,3333.33,1.0,0.0
1,1,16.0,1294.12,1294.12,1.0,0.0
1,1,2.0,5333.33,5333.33,1.0,0.0
3,2,2.6666666666666665,809.52,2000.0,1.5,0.0
1,1,1.0,3000.0,3000.0,1.0,0.0
2,2,3.0,1300.0,2000.0,1.0,0.0
3,2,1.6666666666666667,1805.56,2000.0,1.5,0.0
4,3,2.75,2214.29,4000.0,1.3333,0.0
2,2,8.5,1329.55,1909.09,1.0,0.0
2,2,1.5,8833.33,15000.0,1.0,0.5
4,4,6.5,1333.33,2000.0,1.0,0.0
1,1,8.0,1333.33,1333.33,1.0,0.0
1,1,4.0,2600.0,2600.0,1.0,0.0
1,1,3.0,2000.0,2000.0,1.0,0.0
14,14,4.285714285714286,2017.35,5333.33,1.0,0.0
1,1,2.0,1666.67,1666.67,1.0,0.0
2,2,2.0,2625.0,3000.0,1.0,0.0
4,4,4.75,1665.67,2000.0,1.0,0.0
1,1,17.0,3166.67,3166.67,1.0,0.0
4,4,9.0,2509.64,4750.0,1.0,0.0
2,2,7.0,2357.14,3500.0,1.0,0.0
5,5,4.8,2741.67,5500.0,1.0,0.0
2,2,6.5,3794.64,5875.0,1.0,0.0
2,2,10.0,2329.06,3769.23,1.0,0.0
1,1,14.0,1933.33,1933.33,1.0,0.0
3,3,5.666666666666667,966.67,1200.0,1.0,0.0
2,2,18.5,1111.11,1666.67,1.0,0.0
3,3,3.6666666666666665,2555.56,5750.0,1.0,0.0
5,5,5.0,3700.0,7200.0,1.0,0.0
3,3,6.333333333333333,816.67,1000.0,1.0,0.0
1,1,6.0,1714.29,1714.29,1.0,0.0
1,1,4.0,600.0,600.0,1.0,0.0
1,1,4.0,1000.0,1000.0,1.0,0.0
2,2,2.5,1833.33,2000.0,1.0,0.0
2,2,7.5,1836.54,1923.08,1.0,0.0
1,1,10.0,1000.0,1000.0,1.0,0.0
4,4,7.75,1403.85,2923.08,1.0,0.0
1,1,2.0,4000.0,4000.0,1.0,0.0
1,1,3.0,1500.0,1500.0,1.0,0.0
4,4,5.5,1208.33,2166.67,1.0,0.0
2,2,4.0,2900.0,3200.0,1.0,0.0
2,2,4.0,2958.33,5250.0,1.0,0.0
5,5,4.2,1323.33,2200.0,1.0,0.0
1,1,17.0,555.56,555.56,1.0,0.0
2,2,2.5,2600.0,3000.0,1.0,0.0
6,3,4.166666666666667,1174.6,2333.33,2.0,0.0
2,1,3.5,18392.86,36500.0,2.0,0.5
3,3,4.333333333333333,2151.85,2555.56,1.0,0.0
4,4,8.25,2540.91,6000.0,1.0,0.0
4,4,3.5,1330.36,3000.0,1.0,0.0
1,1,3.0,2250.0,2250.0,1.0,0.0
2,2,5.5,1201.19,2285.71,1.0,0.0
6,5,8.5,832.34,2250.0,1.2,0.0
1,1,3.0,1500.0,1500.0,1.0,0.0
2,2,7.5,1733.33,2000.0,1.0,0.0
1,1,3.0,1000.0,1000.0,1.0,0.0
2,2,3.5,3437.5,6000.0,1.0,0.0
1,1,6.0,857.14,857.14,1.0,0.0
1,1,2.0,2000.0,2000.0,1.0,0.0
1,1,5.0,0.0,0.0,1.0,0.0
2,2,5.0,1055.56,1333.33,1.0,0.0
1,1,2.0,2000.0,2000.0,1.0,0.0
1,1,8.0,1444.44,1444.44,1.0,0.0
2,2,8.0,3500.0,5500.0,1.0,0.0
1,1,5.0,1166.67,1166.67,1.0,0.0
1,1,7.0,875.0,875.0,1.0,0.0
1,1,2.0,3333.33,3333.33,1.0,0.0
1,1,2.0,3000.0,3000.0,1.0,0.0
3,2,11.0,523.23,636.36,1.5,0.0
1,1,1.0,1500.0,1500.0,1.0,0.0
1,1,4.0,800.0,800.0,1.0,0.0
2,2,6.0,3041.67,4500.0,1.0,0.0
3,2,3.6666666666666665,3142.86,7000.0,1.5,0.0
1,1,3.0,1000.0,1000.0,1.0,0.0
1,1,6.0,3285.71,3285.71,1.0,0.0
1,1,0.0,10000.0,10000.0,1.0,0.0
2,2,4.0,1380.95,2333.33,1.0,0.0
1,1,4.0,1800.0,1800.0,1.0,0.0
1,1,2.0,4666.67,4666.67,1.0,0.0
1,1,15.0,812.5,812.5,1.0,0.0
1,1,5.0,1666.67,1666.67,1.0,0.0
